mt-001-of-368,mjd53640
mt-001-of-368,mjd53639
mt-001-of-368,mjd53641
mt-001-of-368,mjd53644
mt-001-of-368,mjd53697
mt-001-of-368,mjd53657
mt-001-of-368,mjd53671
mt-001-of-368,mjd53703
mt-001-of-368,mjd53656
mt-001-of-368,mjd53852
mt-001-of-368,mjd53670
mt-001-of-368,mjd53676
mt-001-of-368,mjd53654
mt-001-of-368,mjd53693
mt-001-of-368,mjd53678
mt-001-of-368,mjd53694
mt-001-of-368,mjd53856
mt-001-of-368,mjd53666
mt-001-of-368,mjd53702
mt-002-of-368,mjd53704
mt-002-of-368,mjd53706
mt-002-of-368,mjd53680
mt-002-of-368,mjd53705
mt-002-of-368,mjd53655
mt-002-of-368,mjd53668
mt-002-of-368,mjd53675
mt-002-of-368,mjd53700
mt-002-of-368,mjd53674
mt-002-of-368,mjd53669
mt-002-of-368,mjd53679
mt-002-of-368,mjd53673
mt-002-of-368,mjd53638
mt-003-of-368,mjd53677
mt-003-of-368,mjd54548
mt-003-of-368,mjd52753
mt-003-of-368,mjd52581
mt-003-of-368,mjd52576
mt-003-of-368,mjd52583
mt-003-of-368,mjd52559
mt-003-of-368,mjd52582
mt-003-of-368,mjd52577
mt-003-of-368,mjd52553
mt-004-of-368,mjd52557
mt-004-of-368,mjd52558
mt-004-of-368,mjd52585
mt-004-of-368,mjd52578
mt-004-of-368,mjd52584
mt-004-of-368,mjd52590
mt-004-of-368,mjd52591
mt-004-of-368,mjd53968
mt-004-of-368,mjd54414
mt-005-of-368,mjd53759
mt-005-of-368,mjd52586
mt-005-of-368,mjd52589
mt-005-of-368,mjd52592
mt-005-of-368,mjd53800
mt-005-of-368,mjd54034
mt-005-of-368,mjd54167
mt-006-of-368,mjd54198
mt-006-of-368,mjd54538
mt-006-of-368,mjd54178
mt-006-of-368,mjd53888
mt-006-of-368,mjd53735
mt-007-of-368,mjd54209
mt-007-of-368,mjd54648
mt-007-of-368,mjd54463
mt-007-of-368,mjd54467
mt-008-of-368,mjd53817
mt-008-of-368,mjd53854
mt-008-of-368,mjd53918
mt-009-of-368,mjd54339
mt-009-of-368,mjd54359
mt-009-of-368,mjd54244
mt-010-of-368,mjd53823
mt-010-of-368,mjd53559
mt-010-of-368,mjd53877
mt-011-of-368,mjd53623
mt-011-of-368,mjd53613
mt-011-of-368,mjd54177
mt-012-of-368,mjd53848
mt-012-of-368,mjd54553
mt-012-of-368,mjd54451
mt-013-of-368,mjd53616
mt-013-of-368,mjd53438
mt-014-of-368,mjd54384
mt-014-of-368,mjd54386
mt-015-of-368,mjd54447
mt-015-of-368,mjd54412
mt-016-of-368,mjd54425
mt-016-of-368,mjd54383
mt-017-of-368,mjd53385
mt-017-of-368,mjd54373
mt-018-of-368,mjd53429
mt-018-of-368,mjd54510
mt-019-of-368,mjd54417
mt-019-of-368,mjd54264
mt-020-of-368,mjd53533
mt-020-of-368,mjd53471
mt-021-of-368,mjd54525
mt-021-of-368,mjd54391
mt-022-of-368,mjd53730
mt-023-of-368,mjd53708
mt-024-of-368,mjd54154
mt-025-of-368,mjd54270
mt-026-of-368,mjd53756
mt-027-of-368,mjd54329
mt-028-of-368,mjd53376
mt-029-of-368,mjd54503
mt-030-of-368,mjd54331
mt-031-of-368,mjd54356
mt-032-of-368,mjd53793
mt-033-of-368,mjd54468
mt-034-of-368,mjd54403
mt-035-of-368,mjd53731
mt-036-of-368,mjd53498
mt-037-of-368,mjd53685
mt-038-of-368,mjd53699
mt-039-of-368,mjd54096
mt-040-of-368,mjd54514
mt-041-of-368,mjd54586
mt-042-of-368,mjd54381
mt-043-of-368,mjd54587
mt-044-of-368,mjd53974
mt-045-of-368,mjd53626
mt-046-of-368,mjd54140
mt-047-of-368,mjd54394
mt-048-of-368,mjd53317
mt-049-of-368,mjd53819
mt-050-of-368,mjd53917
mt-051-of-368,mjd54330
mt-052-of-368,mjd54564
mt-053-of-368,mjd54083
mt-054-of-368,mjd53998
mt-055-of-368,mjd54464
mt-056-of-368,mjd53556
mt-057-of-368,mjd54233
mt-058-of-368,mjd54390
mt-059-of-368,mjd53510
mt-060-of-368,mjd54376
mt-061-of-368,mjd54469
mt-062-of-368,mjd53732
mt-063-of-368,mjd53460
mt-064-of-368,mjd54499
mt-065-of-368,mjd53503
mt-066-of-368,mjd53350
mt-067-of-368,mjd54153
mt-068-of-368,mjd53389
mt-069-of-368,mjd53387
mt-070-of-368,mjd53566
mt-071-of-368,mjd53744
mt-072-of-368,mjd53405
mt-073-of-368,mjd54093
mt-074-of-368,mjd53349
mt-075-of-368,mjd53330
mt-076-of-368,mjd53352
mt-077-of-368,mjd53341
mt-078-of-368,mjd53354
mt-079-of-368,mjd53351
mt-080-of-368,mjd53386
mt-081-of-368,mjd53388
mt-082-of-368,mjd53359
mt-083-of-368,mjd53360
mt-084-of-368,mjd54008
mt-085-of-368,mjd53415
mt-086-of-368,mjd53353
mt-087-of-368,mjd53439
mt-088-of-368,mjd53534
mt-089-of-368,mjd53466
mt-090-of-368,mjd53526
mt-091-of-368,mjd53528
mt-092-of-368,mjd53535
mt-093-of-368,mjd53399
mt-094-of-368,mjd53527
mt-095-of-368,mjd53437
mt-096-of-368,mjd53441
mt-097-of-368,mjd53525
mt-098-of-368,mjd53472
mt-099-of-368,mjd53358
mt-100-of-368,mjd53522
mt-101-of-368,mjd53319
mt-102-of-368,mjd53442
mt-103-of-368,mjd53499
mt-104-of-368,mjd53469
mt-105-of-368,mjd53383
mt-106-of-368,mjd53502
mt-107-of-368,mjd53462
mt-108-of-368,mjd53906
mt-109-of-368,mjd53488
mt-110-of-368,mjd53433
mt-111-of-368,mjd53504
mt-112-of-368,mjd53440
mt-113-of-368,mjd53436
mt-114-of-368,mjd53355
mt-115-of-368,mjd53401
mt-116-of-368,mjd53530
mt-117-of-368,mjd53529
mt-118-of-368,mjd53500
mt-119-of-368,mjd53501
mt-120-of-368,mjd53473
mt-121-of-368,mjd53475
mt-122-of-368,mjd53493
mt-123-of-368,mjd54346
mt-124-of-368,mjd54064
mt-125-of-368,mjd53851
mt-126-of-368,mjd54400
mt-127-of-368,mjd53446
mt-128-of-368,mjd54415
mt-129-of-368,mjd54358
mt-130-of-368,mjd53625
mt-131-of-368,mjd54404
mt-132-of-368,mjd54572
mt-133-of-368,mjd54591
mt-134-of-368,mjd54326
mt-135-of-368,mjd53622
mt-136-of-368,mjd54144
mt-137-of-368,mjd53557
mt-138-of-368,mjd54109
mt-139-of-368,mjd54142
mt-140-of-368,mjd54537
mt-141-of-368,mjd54037
mt-142-of-368,mjd54595
mt-143-of-368,mjd54616
mt-144-of-368,mjd54407
mt-145-of-368,mjd53734
mt-146-of-368,mjd54207
mt-147-of-368,mjd54063
mt-148-of-368,mjd53875
mt-149-of-368,mjd53612
mt-150-of-368,mjd53878
mt-151-of-368,mjd54094
mt-152-of-368,mjd54630
mt-153-of-368,mjd54000
mt-154-of-368,mjd53975
mt-155-of-368,mjd54053
mt-156-of-368,mjd53857
mt-157-of-368,mjd54479
mt-158-of-368,mjd54536
mt-159-of-368,mjd53555
mt-160-of-368,mjd53532
mt-161-of-368,mjd53627
mt-162-of-368,mjd53628
mt-163-of-368,mjd53637
mt-164-of-368,mjd53827
mt-165-of-368,mjd53859
mt-166-of-368,mjd54433
mt-167-of-368,mjd54551
mt-168-of-368,mjd53881
mt-169-of-368,mjd54091
mt-170-of-368,mjd54242
mt-171-of-368,mjd54328
mt-172-of-368,mjd54265
mt-173-of-368,mjd54626
mt-174-of-368,mjd53799
mt-175-of-368,mjd54110
mt-176-of-368,mjd54408
mt-177-of-368,mjd54084
mt-178-of-368,mjd54387
mt-179-of-368,mjd54149
mt-180-of-368,mjd54259
mt-181-of-368,mjd54475
mt-182-of-368,mjd53905
mt-183-of-368,mjd54557
mt-184-of-368,mjd53816
mt-185-of-368,mjd54333
mt-186-of-368,mjd54632
mt-187-of-368,mjd54508
mt-188-of-368,mjd54504
mt-189-of-368,mjd54179
mt-190-of-368,mjd54544
mt-191-of-368,mjd54618
mt-192-of-368,mjd54368
mt-193-of-368,mjd54628
mt-194-of-368,mjd54621
mt-195-of-368,mjd54174
mt-196-of-368,mjd54625
mt-197-of-368,mjd54347
mt-198-of-368,mjd54594
mt-199-of-368,mjd53883
mt-200-of-368,mjd54507
mt-201-of-368,mjd53686
mt-202-of-368,mjd54230
mt-203-of-368,mjd53879
mt-204-of-368,mjd54440
mt-205-of-368,mjd54231
mt-206-of-368,mjd53724
mt-207-of-368,mjd54243
mt-208-of-368,mjd54556
mt-209-of-368,mjd54365
mt-210-of-368,mjd54348
mt-211-of-368,mjd53880
mt-212-of-368,mjd54614
mt-213-of-368,mjd53737
mt-214-of-368,mjd54184
mt-215-of-368,mjd53971
mt-216-of-368,mjd54208
mt-217-of-368,mjd54592
mt-218-of-368,mjd54627
mt-219-of-368,mjd54409
mt-220-of-368,mjd54054
mt-221-of-368,mjd54082
mt-222-of-368,mjd53903
mt-223-of-368,mjd54011
mt-224-of-368,mjd54502
mt-225-of-368,mjd54623
mt-226-of-368,mjd54397
mt-227-of-368,mjd53884
mt-228-of-368,mjd53876
mt-229-of-368,mjd54580
mt-230-of-368,mjd54421
mt-231-of-368,mjd53882
mt-232-of-368,mjd53762
mt-233-of-368,mjd54205
mt-234-of-368,mjd53886
mt-235-of-368,mjd53904
mt-236-of-368,mjd54010
mt-237-of-368,mjd54562
mt-238-of-368,mjd53885
mt-239-of-368,mjd54563
mt-240-of-368,mjd54416
mt-241-of-368,mjd54176
mt-242-of-368,mjd54357
mt-243-of-368,mjd53757
mt-244-of-368,mjd54438
mt-245-of-368,mjd53770
mt-246-of-368,mjd54180
mt-247-of-368,mjd54555
mt-248-of-368,mjd54380
mt-249-of-368,mjd53994
mt-250-of-368,mjd54550
mt-251-of-368,mjd54115
mt-252-of-368,mjd54060
mt-253-of-368,mjd54086
mt-254-of-368,mjd54577
mt-255-of-368,mjd54234
mt-256-of-368,mjd54584
mt-257-of-368,mjd54495
mt-258-of-368,mjd54401
mt-259-of-368,mjd54389
mt-260-of-368,mjd54385
mt-261-of-368,mjd54497
mt-262-of-368,mjd53997
mt-263-of-368,mjd54476
mt-264-of-368,mjd54589
mt-265-of-368,mjd54459
mt-266-of-368,mjd54483
mt-267-of-368,mjd54533
mt-268-of-368,mjd54611
mt-269-of-368,mjd53845
mt-270-of-368,mjd54613
mt-271-of-368,mjd54423
mt-272-of-368,mjd53758
mt-273-of-368,mjd54554
mt-274-of-368,mjd54450
mt-275-of-368,mjd54137
mt-276-of-368,mjd54402
mt-277-of-368,mjd54624
mt-278-of-368,mjd54526
mt-279-of-368,mjd54413
mt-280-of-368,mjd54574
mt-281-of-368,mjd54524
mt-282-of-368,mjd53764
mt-283-of-368,mjd54059
mt-284-of-368,mjd53725
mt-285-of-368,mjd54529
mt-286-of-368,mjd54388
mt-287-of-368,mjd54578
mt-288-of-368,mjd54535
mt-289-of-368,mjd54411
mt-290-of-368,mjd53768
mt-291-of-368,mjd53995
mt-292-of-368,mjd53766
mt-293-of-368,mjd53738
mt-294-of-368,mjd54175
mt-295-of-368,mjd54212
mt-296-of-368,mjd54393
mt-297-of-368,mjd54210
mt-298-of-368,mjd54169
mt-299-of-368,mjd54382
mt-300-of-368,mjd53696
mt-301-of-368,mjd54481
mt-302-of-368,mjd54480
mt-303-of-368,mjd54005
mt-304-of-368,mjd54050
mt-305-of-368,mjd54552
mt-306-of-368,mjd53996
mt-307-of-368,mjd54568
mt-308-of-368,mjd54052
mt-309-of-368,mjd54571
mt-310-of-368,mjd54612
mt-311-of-368,mjd54567
mt-312-of-368,mjd54392
mt-313-of-368,mjd53733
mt-314-of-368,mjd54068
mt-315-of-368,mjd53729
mt-316-of-368,mjd54007
mt-317-of-368,mjd53846
mt-318-of-368,mjd54505
mt-319-of-368,mjd54569
mt-320-of-368,mjd54406
mt-321-of-368,mjd54173
mt-322-of-368,mjd54035
mt-323-of-368,mjd54009
mt-324-of-368,mjd54506
mt-325-of-368,mjd53740
mt-326-of-368,mjd54437
mt-327-of-368,mjd54056
mt-328-of-368,mjd54039
mt-329-of-368,mjd54453
mt-330-of-368,mjd54466
mt-331-of-368,mjd53765
mt-332-of-368,mjd54396
mt-333-of-368,mjd53763
mt-334-of-368,mjd53742
mt-335-of-368,mjd54049
mt-336-of-368,mjd54138
mt-337-of-368,mjd54036
mt-338-of-368,mjd54629
mt-339-of-368,mjd54152
mt-340-of-368,mjd53712
mt-341-of-368,mjd53855
mt-342-of-368,mjd54523
mt-343-of-368,mjd54422
mt-344-of-368,mjd54057
mt-345-of-368,mjd54031
mt-346-of-368,mjd54029
mt-347-of-368,mjd53687
mt-348-of-368,mjd54030
mt-349-of-368,mjd54061
mt-350-of-368,mjd53741
mt-351-of-368,mjd54108
mt-352-of-368,mjd54465
mt-353-of-368,mjd54418
mt-354-of-368,mjd54156
mt-355-of-368,mjd54028
mt-356-of-368,mjd54424
mt-357-of-368,mjd54485
mt-358-of-368,mjd53709
mt-359-of-368,mjd54498
mt-360-of-368,mjd54452
mt-361-of-368,mjd53711
mt-362-of-368,mjd53710
mt-363-of-368,mjd54040
mt-364-of-368,mjd54081
mt-365-of-368,mjd54055
mt-366-of-368,mjd54062
mt-367-of-368,mjd54439
mt-368-of-368,mjd54454