mt_2c-001-of-368,mjd53640
mt_2c-001-of-368,mjd53639
mt_2c-001-of-368,mjd53641
mt_2c-001-of-368,mjd53644
mt_2c-001-of-368,mjd53697
mt_2c-001-of-368,mjd53657
mt_2c-001-of-368,mjd53671
mt_2c-001-of-368,mjd53703
mt_2c-001-of-368,mjd53656
mt_2c-001-of-368,mjd53852
mt_2c-001-of-368,mjd53670
mt_2c-001-of-368,mjd53676
mt_2c-001-of-368,mjd53654
mt_2c-001-of-368,mjd53693
mt_2c-001-of-368,mjd53678
mt_2c-001-of-368,mjd53694
mt_2c-001-of-368,mjd53856
mt_2c-001-of-368,mjd53666
mt_2c-001-of-368,mjd53702
mt_2c-002-of-368,mjd53704
mt_2c-002-of-368,mjd53706
mt_2c-002-of-368,mjd53680
mt_2c-002-of-368,mjd53705
mt_2c-002-of-368,mjd53655
mt_2c-002-of-368,mjd53668
mt_2c-002-of-368,mjd53675
mt_2c-002-of-368,mjd53700
mt_2c-002-of-368,mjd53674
mt_2c-002-of-368,mjd53669
mt_2c-002-of-368,mjd53679
mt_2c-002-of-368,mjd53673
mt_2c-002-of-368,mjd53638
mt_2c-003-of-368,mjd53677
mt_2c-003-of-368,mjd54548
mt_2c-003-of-368,mjd52753
mt_2c-003-of-368,mjd52581
mt_2c-003-of-368,mjd52576
mt_2c-003-of-368,mjd52583
mt_2c-003-of-368,mjd52559
mt_2c-003-of-368,mjd52582
mt_2c-003-of-368,mjd52577
mt_2c-003-of-368,mjd52553
mt_2c-004-of-368,mjd52557
mt_2c-004-of-368,mjd52558
mt_2c-004-of-368,mjd52585
mt_2c-004-of-368,mjd52578
mt_2c-004-of-368,mjd52584
mt_2c-004-of-368,mjd52590
mt_2c-004-of-368,mjd52591
mt_2c-004-of-368,mjd53968
mt_2c-004-of-368,mjd54414
mt_2c-005-of-368,mjd53759
mt_2c-005-of-368,mjd52586
mt_2c-005-of-368,mjd52589
mt_2c-005-of-368,mjd52592
mt_2c-005-of-368,mjd53800
mt_2c-005-of-368,mjd54034
mt_2c-005-of-368,mjd54167
mt_2c-006-of-368,mjd54198
mt_2c-006-of-368,mjd54538
mt_2c-006-of-368,mjd54178
mt_2c-006-of-368,mjd53888
mt_2c-006-of-368,mjd53735
mt_2c-007-of-368,mjd54209
mt_2c-007-of-368,mjd54648
mt_2c-007-of-368,mjd54463
mt_2c-007-of-368,mjd54467
mt_2c-008-of-368,mjd53817
mt_2c-008-of-368,mjd53854
mt_2c-008-of-368,mjd53918
mt_2c-009-of-368,mjd54339
mt_2c-009-of-368,mjd54359
mt_2c-009-of-368,mjd54244
mt_2c-010-of-368,mjd53823
mt_2c-010-of-368,mjd53559
mt_2c-010-of-368,mjd53877
mt_2c-011-of-368,mjd53623
mt_2c-011-of-368,mjd53613
mt_2c-011-of-368,mjd54177
mt_2c-012-of-368,mjd53848
mt_2c-012-of-368,mjd54553
mt_2c-012-of-368,mjd54451
mt_2c-013-of-368,mjd53616
mt_2c-013-of-368,mjd53438
mt_2c-014-of-368,mjd54384
mt_2c-014-of-368,mjd54386
mt_2c-015-of-368,mjd54447
mt_2c-015-of-368,mjd54412
mt_2c-016-of-368,mjd54425
mt_2c-016-of-368,mjd54383
mt_2c-017-of-368,mjd53385
mt_2c-017-of-368,mjd54373
mt_2c-018-of-368,mjd53429
mt_2c-018-of-368,mjd54510
mt_2c-019-of-368,mjd54417
mt_2c-019-of-368,mjd54264
mt_2c-020-of-368,mjd53533
mt_2c-020-of-368,mjd53471
mt_2c-021-of-368,mjd54525
mt_2c-021-of-368,mjd54391
mt_2c-022-of-368,mjd53730
mt_2c-023-of-368,mjd53708
mt_2c-024-of-368,mjd54154
mt_2c-025-of-368,mjd54270
mt_2c-026-of-368,mjd53756
mt_2c-027-of-368,mjd54329
mt_2c-028-of-368,mjd53376
mt_2c-029-of-368,mjd54503
mt_2c-030-of-368,mjd54331
mt_2c-031-of-368,mjd54356
mt_2c-032-of-368,mjd53793
mt_2c-033-of-368,mjd54468
mt_2c-034-of-368,mjd54403
mt_2c-035-of-368,mjd53731
mt_2c-036-of-368,mjd53498
mt_2c-037-of-368,mjd53685
mt_2c-038-of-368,mjd53699
mt_2c-039-of-368,mjd54096
mt_2c-040-of-368,mjd54514
mt_2c-041-of-368,mjd54586
mt_2c-042-of-368,mjd54381
mt_2c-043-of-368,mjd54587
mt_2c-044-of-368,mjd53974
mt_2c-045-of-368,mjd53626
mt_2c-046-of-368,mjd54140
mt_2c-047-of-368,mjd54394
mt_2c-048-of-368,mjd53317
mt_2c-049-of-368,mjd53819
mt_2c-050-of-368,mjd53917
mt_2c-051-of-368,mjd54330
mt_2c-052-of-368,mjd54564
mt_2c-053-of-368,mjd54083
mt_2c-054-of-368,mjd53998
mt_2c-055-of-368,mjd54464
mt_2c-056-of-368,mjd53556
mt_2c-057-of-368,mjd54233
mt_2c-058-of-368,mjd54390
mt_2c-059-of-368,mjd53510
mt_2c-060-of-368,mjd54376
mt_2c-061-of-368,mjd54469
mt_2c-062-of-368,mjd53732
mt_2c-063-of-368,mjd53460
mt_2c-064-of-368,mjd54499
mt_2c-065-of-368,mjd53503
mt_2c-066-of-368,mjd53350
mt_2c-067-of-368,mjd54153
mt_2c-068-of-368,mjd53389
mt_2c-069-of-368,mjd53387
mt_2c-070-of-368,mjd53566
mt_2c-071-of-368,mjd53744
mt_2c-072-of-368,mjd53405
mt_2c-073-of-368,mjd54093
mt_2c-074-of-368,mjd53349
mt_2c-075-of-368,mjd53330
mt_2c-076-of-368,mjd53352
mt_2c-077-of-368,mjd53341
mt_2c-078-of-368,mjd53354
mt_2c-079-of-368,mjd53351
mt_2c-080-of-368,mjd53386
mt_2c-081-of-368,mjd53388
mt_2c-082-of-368,mjd53359
mt_2c-083-of-368,mjd53360
mt_2c-084-of-368,mjd54008
mt_2c-085-of-368,mjd53415
mt_2c-086-of-368,mjd53353
mt_2c-087-of-368,mjd53439
mt_2c-088-of-368,mjd53534
mt_2c-089-of-368,mjd53466
mt_2c-090-of-368,mjd53526
mt_2c-091-of-368,mjd53528
mt_2c-092-of-368,mjd53535
mt_2c-093-of-368,mjd53399
mt_2c-094-of-368,mjd53527
mt_2c-095-of-368,mjd53437
mt_2c-096-of-368,mjd53441
mt_2c-097-of-368,mjd53525
mt_2c-098-of-368,mjd53472
mt_2c-099-of-368,mjd53358
mt_2c-100-of-368,mjd53522
mt_2c-101-of-368,mjd53319
mt_2c-102-of-368,mjd53442
mt_2c-103-of-368,mjd53499
mt_2c-104-of-368,mjd53469
mt_2c-105-of-368,mjd53383
mt_2c-106-of-368,mjd53502
mt_2c-107-of-368,mjd53462
mt_2c-108-of-368,mjd53906
mt_2c-109-of-368,mjd53488
mt_2c-110-of-368,mjd53433
mt_2c-111-of-368,mjd53504
mt_2c-112-of-368,mjd53440
mt_2c-113-of-368,mjd53436
mt_2c-114-of-368,mjd53355
mt_2c-115-of-368,mjd53401
mt_2c-116-of-368,mjd53530
mt_2c-117-of-368,mjd53529
mt_2c-118-of-368,mjd53500
mt_2c-119-of-368,mjd53501
mt_2c-120-of-368,mjd53473
mt_2c-121-of-368,mjd53475
mt_2c-122-of-368,mjd53493
mt_2c-123-of-368,mjd54346
mt_2c-124-of-368,mjd54064
mt_2c-125-of-368,mjd53851
mt_2c-126-of-368,mjd54400
mt_2c-127-of-368,mjd53446
mt_2c-128-of-368,mjd54415
mt_2c-129-of-368,mjd54358
mt_2c-130-of-368,mjd53625
mt_2c-131-of-368,mjd54404
mt_2c-132-of-368,mjd54572
mt_2c-133-of-368,mjd54591
mt_2c-134-of-368,mjd54326
mt_2c-135-of-368,mjd53622
mt_2c-136-of-368,mjd54144
mt_2c-137-of-368,mjd53557
mt_2c-138-of-368,mjd54109
mt_2c-139-of-368,mjd54142
mt_2c-140-of-368,mjd54537
mt_2c-141-of-368,mjd54037
mt_2c-142-of-368,mjd54595
mt_2c-143-of-368,mjd54616
mt_2c-144-of-368,mjd54407
mt_2c-145-of-368,mjd53734
mt_2c-146-of-368,mjd54207
mt_2c-147-of-368,mjd54063
mt_2c-148-of-368,mjd53875
mt_2c-149-of-368,mjd53612
mt_2c-150-of-368,mjd53878
mt_2c-151-of-368,mjd54094
mt_2c-152-of-368,mjd54630
mt_2c-153-of-368,mjd54000
mt_2c-154-of-368,mjd53975
mt_2c-155-of-368,mjd54053
mt_2c-156-of-368,mjd53857
mt_2c-157-of-368,mjd54479
mt_2c-158-of-368,mjd54536
mt_2c-159-of-368,mjd53555
mt_2c-160-of-368,mjd53532
mt_2c-161-of-368,mjd53627
mt_2c-162-of-368,mjd53628
mt_2c-163-of-368,mjd53637
mt_2c-164-of-368,mjd53827
mt_2c-165-of-368,mjd53859
mt_2c-166-of-368,mjd54433
mt_2c-167-of-368,mjd54551
mt_2c-168-of-368,mjd53881
mt_2c-169-of-368,mjd54091
mt_2c-170-of-368,mjd54242
mt_2c-171-of-368,mjd54328
mt_2c-172-of-368,mjd54265
mt_2c-173-of-368,mjd54626
mt_2c-174-of-368,mjd53799
mt_2c-175-of-368,mjd54110
mt_2c-176-of-368,mjd54408
mt_2c-177-of-368,mjd54084
mt_2c-178-of-368,mjd54387
mt_2c-179-of-368,mjd54149
mt_2c-180-of-368,mjd54259
mt_2c-181-of-368,mjd54475
mt_2c-182-of-368,mjd53905
mt_2c-183-of-368,mjd54557
mt_2c-184-of-368,mjd53816
mt_2c-185-of-368,mjd54333
mt_2c-186-of-368,mjd54632
mt_2c-187-of-368,mjd54508
mt_2c-188-of-368,mjd54504
mt_2c-189-of-368,mjd54179
mt_2c-190-of-368,mjd54544
mt_2c-191-of-368,mjd54618
mt_2c-192-of-368,mjd54368
mt_2c-193-of-368,mjd54628
mt_2c-194-of-368,mjd54621
mt_2c-195-of-368,mjd54174
mt_2c-196-of-368,mjd54625
mt_2c-197-of-368,mjd54347
mt_2c-198-of-368,mjd54594
mt_2c-199-of-368,mjd53883
mt_2c-200-of-368,mjd54507
mt_2c-201-of-368,mjd53686
mt_2c-202-of-368,mjd54230
mt_2c-203-of-368,mjd53879
mt_2c-204-of-368,mjd54440
mt_2c-205-of-368,mjd54231
mt_2c-206-of-368,mjd53724
mt_2c-207-of-368,mjd54243
mt_2c-208-of-368,mjd54556
mt_2c-209-of-368,mjd54365
mt_2c-210-of-368,mjd54348
mt_2c-211-of-368,mjd53880
mt_2c-212-of-368,mjd54614
mt_2c-213-of-368,mjd53737
mt_2c-214-of-368,mjd54184
mt_2c-215-of-368,mjd53971
mt_2c-216-of-368,mjd54208
mt_2c-217-of-368,mjd54592
mt_2c-218-of-368,mjd54627
mt_2c-219-of-368,mjd54409
mt_2c-220-of-368,mjd54054
mt_2c-221-of-368,mjd54082
mt_2c-222-of-368,mjd53903
mt_2c-223-of-368,mjd54011
mt_2c-224-of-368,mjd54502
mt_2c-225-of-368,mjd54623
mt_2c-226-of-368,mjd54397
mt_2c-227-of-368,mjd53884
mt_2c-228-of-368,mjd53876
mt_2c-229-of-368,mjd54580
mt_2c-230-of-368,mjd54421
mt_2c-231-of-368,mjd53882
mt_2c-232-of-368,mjd53762
mt_2c-233-of-368,mjd54205
mt_2c-234-of-368,mjd53886
mt_2c-235-of-368,mjd53904
mt_2c-236-of-368,mjd54010
mt_2c-237-of-368,mjd54562
mt_2c-238-of-368,mjd53885
mt_2c-239-of-368,mjd54563
mt_2c-240-of-368,mjd54416
mt_2c-241-of-368,mjd54176
mt_2c-242-of-368,mjd54357
mt_2c-243-of-368,mjd53757
mt_2c-244-of-368,mjd54438
mt_2c-245-of-368,mjd53770
mt_2c-246-of-368,mjd54180
mt_2c-247-of-368,mjd54555
mt_2c-248-of-368,mjd54380
mt_2c-249-of-368,mjd53994
mt_2c-250-of-368,mjd54550
mt_2c-251-of-368,mjd54115
mt_2c-252-of-368,mjd54060
mt_2c-253-of-368,mjd54086
mt_2c-254-of-368,mjd54577
mt_2c-255-of-368,mjd54234
mt_2c-256-of-368,mjd54584
mt_2c-257-of-368,mjd54495
mt_2c-258-of-368,mjd54401
mt_2c-259-of-368,mjd54389
mt_2c-260-of-368,mjd54385
mt_2c-261-of-368,mjd54497
mt_2c-262-of-368,mjd53997
mt_2c-263-of-368,mjd54476
mt_2c-264-of-368,mjd54589
mt_2c-265-of-368,mjd54459
mt_2c-266-of-368,mjd54483
mt_2c-267-of-368,mjd54533
mt_2c-268-of-368,mjd54611
mt_2c-269-of-368,mjd53845
mt_2c-270-of-368,mjd54613
mt_2c-271-of-368,mjd54423
mt_2c-272-of-368,mjd53758
mt_2c-273-of-368,mjd54554
mt_2c-274-of-368,mjd54450
mt_2c-275-of-368,mjd54137
mt_2c-276-of-368,mjd54402
mt_2c-277-of-368,mjd54624
mt_2c-278-of-368,mjd54526
mt_2c-279-of-368,mjd54413
mt_2c-280-of-368,mjd54574
mt_2c-281-of-368,mjd54524
mt_2c-282-of-368,mjd53764
mt_2c-283-of-368,mjd54059
mt_2c-284-of-368,mjd53725
mt_2c-285-of-368,mjd54529
mt_2c-286-of-368,mjd54388
mt_2c-287-of-368,mjd54578
mt_2c-288-of-368,mjd54535
mt_2c-289-of-368,mjd54411
mt_2c-290-of-368,mjd53768
mt_2c-291-of-368,mjd53995
mt_2c-292-of-368,mjd53766
mt_2c-293-of-368,mjd53738
mt_2c-294-of-368,mjd54175
mt_2c-295-of-368,mjd54212
mt_2c-296-of-368,mjd54393
mt_2c-297-of-368,mjd54210
mt_2c-298-of-368,mjd54169
mt_2c-299-of-368,mjd54382
mt_2c-300-of-368,mjd53696
mt_2c-301-of-368,mjd54481
mt_2c-302-of-368,mjd54480
mt_2c-303-of-368,mjd54005
mt_2c-304-of-368,mjd54050
mt_2c-305-of-368,mjd54552
mt_2c-306-of-368,mjd53996
mt_2c-307-of-368,mjd54568
mt_2c-308-of-368,mjd54052
mt_2c-309-of-368,mjd54571
mt_2c-310-of-368,mjd54612
mt_2c-311-of-368,mjd54567
mt_2c-312-of-368,mjd54392
mt_2c-313-of-368,mjd53733
mt_2c-314-of-368,mjd54068
mt_2c-315-of-368,mjd53729
mt_2c-316-of-368,mjd54007
mt_2c-317-of-368,mjd53846
mt_2c-318-of-368,mjd54505
mt_2c-319-of-368,mjd54569
mt_2c-320-of-368,mjd54406
mt_2c-321-of-368,mjd54173
mt_2c-322-of-368,mjd54035
mt_2c-323-of-368,mjd54009
mt_2c-324-of-368,mjd54506
mt_2c-325-of-368,mjd53740
mt_2c-326-of-368,mjd54437
mt_2c-327-of-368,mjd54056
mt_2c-328-of-368,mjd54039
mt_2c-329-of-368,mjd54453
mt_2c-330-of-368,mjd54466
mt_2c-331-of-368,mjd53765
mt_2c-332-of-368,mjd54396
mt_2c-333-of-368,mjd53763
mt_2c-334-of-368,mjd53742
mt_2c-335-of-368,mjd54049
mt_2c-336-of-368,mjd54138
mt_2c-337-of-368,mjd54036
mt_2c-338-of-368,mjd54629
mt_2c-339-of-368,mjd54152
mt_2c-340-of-368,mjd53712
mt_2c-341-of-368,mjd53855
mt_2c-342-of-368,mjd54523
mt_2c-343-of-368,mjd54422
mt_2c-344-of-368,mjd54057
mt_2c-345-of-368,mjd54031
mt_2c-346-of-368,mjd54029
mt_2c-347-of-368,mjd53687
mt_2c-348-of-368,mjd54030
mt_2c-349-of-368,mjd54061
mt_2c-350-of-368,mjd53741
mt_2c-351-of-368,mjd54108
mt_2c-352-of-368,mjd54465
mt_2c-353-of-368,mjd54418
mt_2c-354-of-368,mjd54156
mt_2c-355-of-368,mjd54028
mt_2c-356-of-368,mjd54424
mt_2c-357-of-368,mjd54485
mt_2c-358-of-368,mjd53709
mt_2c-359-of-368,mjd54498
mt_2c-360-of-368,mjd54452
mt_2c-361-of-368,mjd53711
mt_2c-362-of-368,mjd53710
mt_2c-363-of-368,mjd54040
mt_2c-364-of-368,mjd54081
mt_2c-365-of-368,mjd54055
mt_2c-366-of-368,mjd54062
mt_2c-367-of-368,mjd54439
mt_2c-368-of-368,mjd54454
