mtRaw-0001-of-2318, 51203
mtRaw-0002-of-2318, 51204
mtRaw-0003-of-2318, 51205
mtRaw-0004-of-2318, 51219
mtRaw-0005-of-2318, 51220
mtRaw-0006-of-2318, 51221
mtRaw-0007-of-2318, 51222
mtRaw-0008-of-2318, 51223
mtRaw-0009-of-2318, 51225
mtRaw-0010-of-2318, 51230
mtRaw-0011-of-2318, 51231
mtRaw-0012-of-2318, 51232
mtRaw-0013-of-2318, 51257
mtRaw-0014-of-2318, 51258
mtRaw-0015-of-2318, 51259
mtRaw-0016-of-2318, 51306
mtRaw-0017-of-2318, 51307
mtRaw-0018-of-2318, 51308
mtRaw-0019-of-2318, 51311
mtRaw-0020-of-2318, 51312
mtRaw-0021-of-2318, 51313
mtRaw-0022-of-2318, 51314
mtRaw-0023-of-2318, 51315
mtRaw-0024-of-2318, 51316
mtRaw-0025-of-2318, 51317
mtRaw-0026-of-2318, 51318
mtRaw-0027-of-2318, 51319
mtRaw-0028-of-2318, 51320
mtRaw-0029-of-2318, 51336
mtRaw-0030-of-2318, 51337
mtRaw-0031-of-2318, 51338
mtRaw-0032-of-2318, 51339
mtRaw-0033-of-2318, 51340
mtRaw-0034-of-2318, 51341
mtRaw-0035-of-2318, 51342
mtRaw-0036-of-2318, 51343
mtRaw-0037-of-2318, 51344
mtRaw-0038-of-2318, 51345
mtRaw-0039-of-2318, 51370
mtRaw-0040-of-2318, 51403
mtRaw-0041-of-2318, 51404
mtRaw-0042-of-2318, 51405
mtRaw-0043-of-2318, 51406
mtRaw-0044-of-2318, 51407
mtRaw-0045-of-2318, 51408
mtRaw-0046-of-2318, 51425
mtRaw-0047-of-2318, 51426
mtRaw-0048-of-2318, 51429
mtRaw-0049-of-2318, 51454
mtRaw-0050-of-2318, 51455
mtRaw-0051-of-2318, 51456
mtRaw-0052-of-2318, 51457
mtRaw-0053-of-2318, 51459
mtRaw-0054-of-2318, 51460
mtRaw-0055-of-2318, 51461
mtRaw-0056-of-2318, 51462
mtRaw-0057-of-2318, 51463
mtRaw-0058-of-2318, 51464
mtRaw-0059-of-2318, 51465
mtRaw-0060-of-2318, 51466
mtRaw-0061-of-2318, 51467
mtRaw-0062-of-2318, 51468
mtRaw-0063-of-2318, 51493
mtRaw-0064-of-2318, 51520
mtRaw-0065-of-2318, 51521
mtRaw-0066-of-2318, 51522
mtRaw-0067-of-2318, 51524
mtRaw-0068-of-2318, 51525
mtRaw-0069-of-2318, 51526
mtRaw-0070-of-2318, 51527
mtRaw-0071-of-2318, 51528
mtRaw-0072-of-2318, 51531
mtRaw-0073-of-2318, 51543
mtRaw-0074-of-2318, 51544
mtRaw-0075-of-2318, 51545
mtRaw-0076-of-2318, 51547
mtRaw-0077-of-2318, 51548
mtRaw-0078-of-2318, 51549
mtRaw-0079-of-2318, 51550
mtRaw-0080-of-2318, 51551
mtRaw-0081-of-2318, 51552
mtRaw-0082-of-2318, 51553
mtRaw-0083-of-2318, 51554
mtRaw-0084-of-2318, 51555
mtRaw-0085-of-2318, 51567
mtRaw-0086-of-2318, 51568
mtRaw-0087-of-2318, 51569
mtRaw-0088-of-2318, 51570
mtRaw-0089-of-2318, 51571
mtRaw-0090-of-2318, 51572
mtRaw-0091-of-2318, 51573
mtRaw-0092-of-2318, 51574
mtRaw-0093-of-2318, 51575
mtRaw-0094-of-2318, 51576
mtRaw-0095-of-2318, 51577
mtRaw-0096-of-2318, 51578
mtRaw-0097-of-2318, 51579
mtRaw-0098-of-2318, 51580
mtRaw-0099-of-2318, 51581
mtRaw-0100-of-2318, 51582
mtRaw-0101-of-2318, 51584
mtRaw-0102-of-2318, 51585
mtRaw-0103-of-2318, 51586
mtRaw-0104-of-2318, 51588
mtRaw-0105-of-2318, 51590
mtRaw-0106-of-2318, 51592
mtRaw-0107-of-2318, 51602
mtRaw-0108-of-2318, 51603
mtRaw-0109-of-2318, 51606
mtRaw-0110-of-2318, 51607
mtRaw-0111-of-2318, 51608
mtRaw-0112-of-2318, 51609
mtRaw-0113-of-2318, 51610
mtRaw-0114-of-2318, 51612
mtRaw-0115-of-2318, 51613
mtRaw-0116-of-2318, 51615
mtRaw-0117-of-2318, 51616
mtRaw-0118-of-2318, 51617
mtRaw-0119-of-2318, 51618
mtRaw-0120-of-2318, 51621
mtRaw-0121-of-2318, 51625
mtRaw-0122-of-2318, 51626
mtRaw-0123-of-2318, 51627
mtRaw-0124-of-2318, 51628
mtRaw-0125-of-2318, 51633
mtRaw-0126-of-2318, 51634
mtRaw-0127-of-2318, 51637
mtRaw-0128-of-2318, 51638
mtRaw-0129-of-2318, 51639
mtRaw-0130-of-2318, 51640
mtRaw-0131-of-2318, 51641
mtRaw-0132-of-2318, 51642
mtRaw-0133-of-2318, 51643
mtRaw-0134-of-2318, 51644
mtRaw-0135-of-2318, 51645
mtRaw-0136-of-2318, 51646
mtRaw-0137-of-2318, 51647
mtRaw-0138-of-2318, 51658
mtRaw-0139-of-2318, 51659
mtRaw-0140-of-2318, 51660
mtRaw-0141-of-2318, 51661
mtRaw-0142-of-2318, 51662
mtRaw-0143-of-2318, 51663
mtRaw-0144-of-2318, 51665
mtRaw-0145-of-2318, 51666
mtRaw-0146-of-2318, 51667
mtRaw-0147-of-2318, 51668
mtRaw-0148-of-2318, 51669
mtRaw-0149-of-2318, 51670
mtRaw-0150-of-2318, 51671
mtRaw-0151-of-2318, 51672
mtRaw-0152-of-2318, 51673
mtRaw-0153-of-2318, 51674
mtRaw-0154-of-2318, 51675
mtRaw-0155-of-2318, 51691
mtRaw-0156-of-2318, 51692
mtRaw-0157-of-2318, 51693
mtRaw-0158-of-2318, 51694
mtRaw-0159-of-2318, 51696
mtRaw-0160-of-2318, 51697
mtRaw-0161-of-2318, 51699
mtRaw-0162-of-2318, 51700
mtRaw-0163-of-2318, 51701
mtRaw-0164-of-2318, 51702
mtRaw-0165-of-2318, 51703
mtRaw-0166-of-2318, 51704
mtRaw-0167-of-2318, 51705
mtRaw-0168-of-2318, 51706
mtRaw-0169-of-2318, 51707
mtRaw-0170-of-2318, 51708
mtRaw-0171-of-2318, 51709
mtRaw-0172-of-2318, 51712
mtRaw-0173-of-2318, 51715
mtRaw-0174-of-2318, 51717
mtRaw-0175-of-2318, 51719
mtRaw-0176-of-2318, 51720
mtRaw-0177-of-2318, 51721
mtRaw-0178-of-2318, 51728
mtRaw-0179-of-2318, 51729
mtRaw-0180-of-2318, 51730
mtRaw-0181-of-2318, 51733
mtRaw-0182-of-2318, 51734
mtRaw-0183-of-2318, 51735
mtRaw-0184-of-2318, 51736
mtRaw-0185-of-2318, 51738
mtRaw-0186-of-2318, 51757
mtRaw-0187-of-2318, 51758
mtRaw-0188-of-2318, 51759
mtRaw-0189-of-2318, 51760
mtRaw-0190-of-2318, 51761
mtRaw-0191-of-2318, 51762
mtRaw-0192-of-2318, 51763
mtRaw-0193-of-2318, 51764
mtRaw-0194-of-2318, 51765
mtRaw-0195-of-2318, 51766
mtRaw-0196-of-2318, 51767
mtRaw-0197-of-2318, 51768
mtRaw-0198-of-2318, 51769
mtRaw-0199-of-2318, 51770
mtRaw-0200-of-2318, 51771
mtRaw-0201-of-2318, 51772
mtRaw-0202-of-2318, 51773
mtRaw-0203-of-2318, 51775
mtRaw-0204-of-2318, 51776
mtRaw-0205-of-2318, 51777
mtRaw-0206-of-2318, 51778
mtRaw-0207-of-2318, 51779
mtRaw-0208-of-2318, 51780
mtRaw-0209-of-2318, 51781
mtRaw-0210-of-2318, 51782
mtRaw-0211-of-2318, 51783
mtRaw-0212-of-2318, 51784
mtRaw-0213-of-2318, 51785
mtRaw-0214-of-2318, 51786
mtRaw-0215-of-2318, 51787
mtRaw-0216-of-2318, 51788
mtRaw-0217-of-2318, 51789
mtRaw-0218-of-2318, 51790
mtRaw-0219-of-2318, 51791
mtRaw-0220-of-2318, 51792
mtRaw-0221-of-2318, 51793
mtRaw-0222-of-2318, 51794
mtRaw-0223-of-2318, 51795
mtRaw-0224-of-2318, 51796
mtRaw-0225-of-2318, 51797
mtRaw-0226-of-2318, 51798
mtRaw-0227-of-2318, 51808
mtRaw-0228-of-2318, 51809
mtRaw-0229-of-2318, 51810
mtRaw-0230-of-2318, 51811
mtRaw-0231-of-2318, 51812
mtRaw-0232-of-2318, 51813
mtRaw-0233-of-2318, 51814
mtRaw-0234-of-2318, 51815
mtRaw-0235-of-2318, 51816
mtRaw-0236-of-2318, 51818
mtRaw-0237-of-2318, 51820
mtRaw-0238-of-2318, 51821
mtRaw-0239-of-2318, 51822
mtRaw-0240-of-2318, 51823
mtRaw-0241-of-2318, 51824
mtRaw-0242-of-2318, 51825
mtRaw-0243-of-2318, 51826
mtRaw-0244-of-2318, 51836
mtRaw-0245-of-2318, 51837
mtRaw-0246-of-2318, 51842
mtRaw-0247-of-2318, 51843
mtRaw-0248-of-2318, 51844
mtRaw-0249-of-2318, 51845
mtRaw-0250-of-2318, 51846
mtRaw-0251-of-2318, 51847
mtRaw-0252-of-2318, 51848
mtRaw-0253-of-2318, 51849
mtRaw-0254-of-2318, 51850
mtRaw-0255-of-2318, 51851
mtRaw-0256-of-2318, 51852
mtRaw-0257-of-2318, 51853
mtRaw-0258-of-2318, 51854
mtRaw-0259-of-2318, 51855
mtRaw-0260-of-2318, 51856
mtRaw-0261-of-2318, 51864
mtRaw-0262-of-2318, 51865
mtRaw-0263-of-2318, 51866
mtRaw-0264-of-2318, 51867
mtRaw-0265-of-2318, 51868
mtRaw-0266-of-2318, 51869
mtRaw-0267-of-2318, 51870
mtRaw-0268-of-2318, 51871
mtRaw-0269-of-2318, 51872
mtRaw-0270-of-2318, 51873
mtRaw-0271-of-2318, 51874
mtRaw-0272-of-2318, 51875
mtRaw-0273-of-2318, 51876
mtRaw-0274-of-2318, 51878
mtRaw-0275-of-2318, 51879
mtRaw-0276-of-2318, 51882
mtRaw-0277-of-2318, 51883
mtRaw-0278-of-2318, 51884
mtRaw-0279-of-2318, 51885
mtRaw-0280-of-2318, 51886
mtRaw-0281-of-2318, 51887
mtRaw-0282-of-2318, 51893
mtRaw-0283-of-2318, 51894
mtRaw-0284-of-2318, 51895
mtRaw-0285-of-2318, 51896
mtRaw-0286-of-2318, 51897
mtRaw-0287-of-2318, 51898
mtRaw-0288-of-2318, 51899
mtRaw-0289-of-2318, 51900
mtRaw-0290-of-2318, 51901
mtRaw-0291-of-2318, 51906
mtRaw-0292-of-2318, 51907
mtRaw-0293-of-2318, 51908
mtRaw-0294-of-2318, 51909
mtRaw-0295-of-2318, 51910
mtRaw-0296-of-2318, 51911
mtRaw-0297-of-2318, 51912
mtRaw-0298-of-2318, 51913
mtRaw-0299-of-2318, 51914
mtRaw-0300-of-2318, 51915
mtRaw-0301-of-2318, 51916
mtRaw-0302-of-2318, 51922
mtRaw-0303-of-2318, 51923
mtRaw-0304-of-2318, 51924
mtRaw-0305-of-2318, 51925
mtRaw-0306-of-2318, 51927
mtRaw-0307-of-2318, 51928
mtRaw-0308-of-2318, 51929
mtRaw-0309-of-2318, 51930
mtRaw-0310-of-2318, 51931
mtRaw-0311-of-2318, 51932
mtRaw-0312-of-2318, 51933
mtRaw-0313-of-2318, 51934
mtRaw-0314-of-2318, 51935
mtRaw-0315-of-2318, 51940
mtRaw-0316-of-2318, 51941
mtRaw-0317-of-2318, 51942
mtRaw-0318-of-2318, 51943
mtRaw-0319-of-2318, 51949
mtRaw-0320-of-2318, 51953
mtRaw-0321-of-2318, 51954
mtRaw-0322-of-2318, 51955
mtRaw-0323-of-2318, 51956
mtRaw-0324-of-2318, 51957
mtRaw-0325-of-2318, 51959
mtRaw-0326-of-2318, 51960
mtRaw-0327-of-2318, 51961
mtRaw-0328-of-2318, 51962
mtRaw-0329-of-2318, 51965
mtRaw-0330-of-2318, 51966
mtRaw-0331-of-2318, 51967
mtRaw-0332-of-2318, 51968
mtRaw-0333-of-2318, 51969
mtRaw-0334-of-2318, 51970
mtRaw-0335-of-2318, 51971
mtRaw-0336-of-2318, 51979
mtRaw-0337-of-2318, 51981
mtRaw-0338-of-2318, 51982
mtRaw-0339-of-2318, 51983
mtRaw-0340-of-2318, 51984
mtRaw-0341-of-2318, 51985
mtRaw-0342-of-2318, 51986
mtRaw-0343-of-2318, 51987
mtRaw-0344-of-2318, 51988
mtRaw-0345-of-2318, 51989
mtRaw-0346-of-2318, 51990
mtRaw-0347-of-2318, 51991
mtRaw-0348-of-2318, 51992
mtRaw-0349-of-2318, 51993
mtRaw-0350-of-2318, 51994
mtRaw-0351-of-2318, 51995
mtRaw-0352-of-2318, 51996
mtRaw-0353-of-2318, 51997
mtRaw-0354-of-2318, 51998
mtRaw-0355-of-2318, 51999
mtRaw-0356-of-2318, 52000
mtRaw-0357-of-2318, 52006
mtRaw-0358-of-2318, 52007
mtRaw-0359-of-2318, 52008
mtRaw-0360-of-2318, 52009
mtRaw-0361-of-2318, 52012
mtRaw-0362-of-2318, 52013
mtRaw-0363-of-2318, 52014
mtRaw-0364-of-2318, 52015
mtRaw-0365-of-2318, 52016
mtRaw-0366-of-2318, 52017
mtRaw-0367-of-2318, 52018
mtRaw-0368-of-2318, 52019
mtRaw-0369-of-2318, 52020
mtRaw-0370-of-2318, 52021
mtRaw-0371-of-2318, 52022
mtRaw-0372-of-2318, 52023
mtRaw-0373-of-2318, 52024
mtRaw-0374-of-2318, 52025
mtRaw-0375-of-2318, 52026
mtRaw-0376-of-2318, 52027
mtRaw-0377-of-2318, 52028
mtRaw-0378-of-2318, 52029
mtRaw-0379-of-2318, 52042
mtRaw-0380-of-2318, 52043
mtRaw-0381-of-2318, 52044
mtRaw-0382-of-2318, 52045
mtRaw-0383-of-2318, 52046
mtRaw-0384-of-2318, 52047
mtRaw-0385-of-2318, 52048
mtRaw-0386-of-2318, 52049
mtRaw-0387-of-2318, 52050
mtRaw-0388-of-2318, 52051
mtRaw-0389-of-2318, 52052
mtRaw-0390-of-2318, 52053
mtRaw-0391-of-2318, 52054
mtRaw-0392-of-2318, 52055
mtRaw-0393-of-2318, 52056
mtRaw-0394-of-2318, 52057
mtRaw-0395-of-2318, 52058
mtRaw-0396-of-2318, 52062
mtRaw-0397-of-2318, 52063
mtRaw-0398-of-2318, 52064
mtRaw-0399-of-2318, 52065
mtRaw-0400-of-2318, 52066
mtRaw-0401-of-2318, 52067
mtRaw-0402-of-2318, 52069
mtRaw-0403-of-2318, 52070
mtRaw-0404-of-2318, 52071
mtRaw-0405-of-2318, 52072
mtRaw-0406-of-2318, 52073
mtRaw-0407-of-2318, 52074
mtRaw-0408-of-2318, 52075
mtRaw-0409-of-2318, 52076
mtRaw-0410-of-2318, 52077
mtRaw-0411-of-2318, 52078
mtRaw-0412-of-2318, 52079
mtRaw-0413-of-2318, 52080
mtRaw-0414-of-2318, 52081
mtRaw-0415-of-2318, 52082
mtRaw-0416-of-2318, 52083
mtRaw-0417-of-2318, 52084
mtRaw-0418-of-2318, 52085
mtRaw-0419-of-2318, 52086
mtRaw-0420-of-2318, 52087
mtRaw-0421-of-2318, 52088
mtRaw-0422-of-2318, 52109
mtRaw-0423-of-2318, 52130
mtRaw-0424-of-2318, 52131
mtRaw-0425-of-2318, 52132
mtRaw-0426-of-2318, 52133
mtRaw-0427-of-2318, 52134
mtRaw-0428-of-2318, 52135
mtRaw-0429-of-2318, 52136
mtRaw-0430-of-2318, 52137
mtRaw-0431-of-2318, 52138
mtRaw-0432-of-2318, 52139
mtRaw-0433-of-2318, 52140
mtRaw-0434-of-2318, 52141
mtRaw-0435-of-2318, 52142
mtRaw-0436-of-2318, 52143
mtRaw-0437-of-2318, 52144
mtRaw-0438-of-2318, 52145
mtRaw-0439-of-2318, 52146
mtRaw-0440-of-2318, 52147
mtRaw-0441-of-2318, 52148
mtRaw-0442-of-2318, 52149
mtRaw-0443-of-2318, 52150
mtRaw-0444-of-2318, 52151
mtRaw-0445-of-2318, 52153
mtRaw-0446-of-2318, 52158
mtRaw-0447-of-2318, 52159
mtRaw-0448-of-2318, 52160
mtRaw-0449-of-2318, 52161
mtRaw-0450-of-2318, 52162
mtRaw-0451-of-2318, 52163
mtRaw-0452-of-2318, 52164
mtRaw-0453-of-2318, 52165
mtRaw-0454-of-2318, 52166
mtRaw-0455-of-2318, 52167
mtRaw-0456-of-2318, 52168
mtRaw-0457-of-2318, 52169
mtRaw-0458-of-2318, 52170
mtRaw-0459-of-2318, 52171
mtRaw-0460-of-2318, 52172
mtRaw-0461-of-2318, 52173
mtRaw-0462-of-2318, 52174
mtRaw-0463-of-2318, 52175
mtRaw-0464-of-2318, 52176
mtRaw-0465-of-2318, 52177
mtRaw-0466-of-2318, 52178
mtRaw-0467-of-2318, 52179
mtRaw-0468-of-2318, 52196
mtRaw-0469-of-2318, 52197
mtRaw-0470-of-2318, 52198
mtRaw-0471-of-2318, 52199
mtRaw-0472-of-2318, 52200
mtRaw-0473-of-2318, 52201
mtRaw-0474-of-2318, 52202
mtRaw-0475-of-2318, 52203
mtRaw-0476-of-2318, 52204
mtRaw-0477-of-2318, 52205
mtRaw-0478-of-2318, 52206
mtRaw-0479-of-2318, 52207
mtRaw-0480-of-2318, 52208
mtRaw-0481-of-2318, 52209
mtRaw-0482-of-2318, 52210
mtRaw-0483-of-2318, 52220
mtRaw-0484-of-2318, 52221
mtRaw-0485-of-2318, 52222
mtRaw-0486-of-2318, 52223
mtRaw-0487-of-2318, 52224
mtRaw-0488-of-2318, 52225
mtRaw-0489-of-2318, 52226
mtRaw-0490-of-2318, 52227
mtRaw-0491-of-2318, 52228
mtRaw-0492-of-2318, 52229
mtRaw-0493-of-2318, 52230
mtRaw-0494-of-2318, 52231
mtRaw-0495-of-2318, 52232
mtRaw-0496-of-2318, 52233
mtRaw-0497-of-2318, 52234
mtRaw-0498-of-2318, 52235
mtRaw-0499-of-2318, 52236
mtRaw-0500-of-2318, 52237
mtRaw-0501-of-2318, 52238
mtRaw-0502-of-2318, 52239
mtRaw-0503-of-2318, 52245
mtRaw-0504-of-2318, 52246
mtRaw-0505-of-2318, 52249
mtRaw-0506-of-2318, 52250
mtRaw-0507-of-2318, 52251
mtRaw-0508-of-2318, 52252
mtRaw-0509-of-2318, 52253
mtRaw-0510-of-2318, 52254
mtRaw-0511-of-2318, 52255
mtRaw-0512-of-2318, 52256
mtRaw-0513-of-2318, 52257
mtRaw-0514-of-2318, 52258
mtRaw-0515-of-2318, 52259
mtRaw-0516-of-2318, 52260
mtRaw-0517-of-2318, 52261
mtRaw-0518-of-2318, 52262
mtRaw-0519-of-2318, 52263
mtRaw-0520-of-2318, 52264
mtRaw-0521-of-2318, 52265
mtRaw-0522-of-2318, 52266
mtRaw-0523-of-2318, 52267
mtRaw-0524-of-2318, 52278
mtRaw-0525-of-2318, 52279
mtRaw-0526-of-2318, 52280
mtRaw-0527-of-2318, 52281
mtRaw-0528-of-2318, 52282
mtRaw-0529-of-2318, 52283
mtRaw-0530-of-2318, 52284
mtRaw-0531-of-2318, 52285
mtRaw-0532-of-2318, 52286
mtRaw-0533-of-2318, 52287
mtRaw-0534-of-2318, 52288
mtRaw-0535-of-2318, 52289
mtRaw-0536-of-2318, 52290
mtRaw-0537-of-2318, 52291
mtRaw-0538-of-2318, 52292
mtRaw-0539-of-2318, 52293
mtRaw-0540-of-2318, 52294
mtRaw-0541-of-2318, 52295
mtRaw-0542-of-2318, 52296
mtRaw-0543-of-2318, 52297
mtRaw-0544-of-2318, 52298
mtRaw-0545-of-2318, 52312
mtRaw-0546-of-2318, 52313
mtRaw-0547-of-2318, 52314
mtRaw-0548-of-2318, 52315
mtRaw-0549-of-2318, 52316
mtRaw-0550-of-2318, 52317
mtRaw-0551-of-2318, 52318
mtRaw-0552-of-2318, 52319
mtRaw-0553-of-2318, 52320
mtRaw-0554-of-2318, 52321
mtRaw-0555-of-2318, 52322
mtRaw-0556-of-2318, 52323
mtRaw-0557-of-2318, 52324
mtRaw-0558-of-2318, 52325
mtRaw-0559-of-2318, 52326
mtRaw-0560-of-2318, 52327
mtRaw-0561-of-2318, 52333
mtRaw-0562-of-2318, 52335
mtRaw-0563-of-2318, 52336
mtRaw-0564-of-2318, 52337
mtRaw-0565-of-2318, 52338
mtRaw-0566-of-2318, 52339
mtRaw-0567-of-2318, 52340
mtRaw-0568-of-2318, 52341
mtRaw-0569-of-2318, 52342
mtRaw-0570-of-2318, 52343
mtRaw-0571-of-2318, 52344
mtRaw-0572-of-2318, 52345
mtRaw-0573-of-2318, 52346
mtRaw-0574-of-2318, 52347
mtRaw-0575-of-2318, 52348
mtRaw-0576-of-2318, 52349
mtRaw-0577-of-2318, 52350
mtRaw-0578-of-2318, 52351
mtRaw-0579-of-2318, 52352
mtRaw-0580-of-2318, 52353
mtRaw-0581-of-2318, 52354
mtRaw-0582-of-2318, 52355
mtRaw-0583-of-2318, 52364
mtRaw-0584-of-2318, 52365
mtRaw-0585-of-2318, 52366
mtRaw-0586-of-2318, 52367
mtRaw-0587-of-2318, 52368
mtRaw-0588-of-2318, 52369
mtRaw-0589-of-2318, 52370
mtRaw-0590-of-2318, 52371
mtRaw-0591-of-2318, 52372
mtRaw-0592-of-2318, 52373
mtRaw-0593-of-2318, 52374
mtRaw-0594-of-2318, 52375
mtRaw-0595-of-2318, 52376
mtRaw-0596-of-2318, 52377
mtRaw-0597-of-2318, 52378
mtRaw-0598-of-2318, 52379
mtRaw-0599-of-2318, 52380
mtRaw-0600-of-2318, 52381
mtRaw-0601-of-2318, 52382
mtRaw-0602-of-2318, 52383
mtRaw-0603-of-2318, 52384
mtRaw-0604-of-2318, 52393
mtRaw-0605-of-2318, 52395
mtRaw-0606-of-2318, 52396
mtRaw-0607-of-2318, 52397
mtRaw-0608-of-2318, 52398
mtRaw-0609-of-2318, 52399
mtRaw-0610-of-2318, 52400
mtRaw-0611-of-2318, 52401
mtRaw-0612-of-2318, 52402
mtRaw-0613-of-2318, 52403
mtRaw-0614-of-2318, 52404
mtRaw-0615-of-2318, 52405
mtRaw-0616-of-2318, 52406
mtRaw-0617-of-2318, 52407
mtRaw-0618-of-2318, 52408
mtRaw-0619-of-2318, 52409
mtRaw-0620-of-2318, 52410
mtRaw-0621-of-2318, 52411
mtRaw-0622-of-2318, 52412
mtRaw-0623-of-2318, 52413
mtRaw-0624-of-2318, 52425
mtRaw-0625-of-2318, 52426
mtRaw-0626-of-2318, 52427
mtRaw-0627-of-2318, 52428
mtRaw-0628-of-2318, 52429
mtRaw-0629-of-2318, 52430
mtRaw-0630-of-2318, 52431
mtRaw-0631-of-2318, 52432
mtRaw-0632-of-2318, 52433
mtRaw-0633-of-2318, 52434
mtRaw-0634-of-2318, 52435
mtRaw-0635-of-2318, 52436
mtRaw-0636-of-2318, 52437
mtRaw-0637-of-2318, 52438
mtRaw-0638-of-2318, 52439
mtRaw-0639-of-2318, 52440
mtRaw-0640-of-2318, 52441
mtRaw-0641-of-2318, 52442
mtRaw-0642-of-2318, 52443
mtRaw-0643-of-2318, 52444
mtRaw-0644-of-2318, 52456
mtRaw-0645-of-2318, 52457
mtRaw-0646-of-2318, 52458
mtRaw-0647-of-2318, 52459
mtRaw-0648-of-2318, 52460
mtRaw-0649-of-2318, 52461
mtRaw-0650-of-2318, 52462
mtRaw-0651-of-2318, 52463
mtRaw-0652-of-2318, 52464
mtRaw-0653-of-2318, 52465
mtRaw-0654-of-2318, 52466
mtRaw-0655-of-2318, 52467
mtRaw-0656-of-2318, 52468
mtRaw-0657-of-2318, 52494
mtRaw-0658-of-2318, 52495
mtRaw-0659-of-2318, 52499
mtRaw-0660-of-2318, 52502
mtRaw-0661-of-2318, 52508
mtRaw-0662-of-2318, 52513
mtRaw-0663-of-2318, 52514
mtRaw-0664-of-2318, 52516
mtRaw-0665-of-2318, 52517
mtRaw-0666-of-2318, 52518
mtRaw-0667-of-2318, 52519
mtRaw-0668-of-2318, 52520
mtRaw-0669-of-2318, 52521
mtRaw-0670-of-2318, 52522
mtRaw-0671-of-2318, 52523
mtRaw-0672-of-2318, 52524
mtRaw-0673-of-2318, 52525
mtRaw-0674-of-2318, 52526
mtRaw-0675-of-2318, 52527
mtRaw-0676-of-2318, 52528
mtRaw-0677-of-2318, 52529
mtRaw-0678-of-2318, 52530
mtRaw-0679-of-2318, 52531
mtRaw-0680-of-2318, 52532
mtRaw-0681-of-2318, 52533
mtRaw-0682-of-2318, 52534
mtRaw-0683-of-2318, 52550
mtRaw-0684-of-2318, 52551
mtRaw-0685-of-2318, 52552
mtRaw-0686-of-2318, 52553
mtRaw-0687-of-2318, 52554
mtRaw-0688-of-2318, 52555
mtRaw-0689-of-2318, 52556
mtRaw-0690-of-2318, 52557
mtRaw-0691-of-2318, 52558
mtRaw-0692-of-2318, 52559
mtRaw-0693-of-2318, 52560
mtRaw-0694-of-2318, 52561
mtRaw-0695-of-2318, 52562
mtRaw-0696-of-2318, 52563
mtRaw-0697-of-2318, 52564
mtRaw-0698-of-2318, 52566
mtRaw-0699-of-2318, 52569
mtRaw-0700-of-2318, 52570
mtRaw-0701-of-2318, 52571
mtRaw-0702-of-2318, 52572
mtRaw-0703-of-2318, 52573
mtRaw-0704-of-2318, 52574
mtRaw-0705-of-2318, 52575
mtRaw-0706-of-2318, 52576
mtRaw-0707-of-2318, 52577
mtRaw-0708-of-2318, 52578
mtRaw-0709-of-2318, 52579
mtRaw-0710-of-2318, 52580
mtRaw-0711-of-2318, 52581
mtRaw-0712-of-2318, 52582
mtRaw-0713-of-2318, 52583
mtRaw-0714-of-2318, 52584
mtRaw-0715-of-2318, 52585
mtRaw-0716-of-2318, 52586
mtRaw-0717-of-2318, 52587
mtRaw-0718-of-2318, 52588
mtRaw-0719-of-2318, 52589
mtRaw-0720-of-2318, 52590
mtRaw-0721-of-2318, 52591
mtRaw-0722-of-2318, 52592
mtRaw-0723-of-2318, 52601
mtRaw-0724-of-2318, 52603
mtRaw-0725-of-2318, 52604
mtRaw-0726-of-2318, 52605
mtRaw-0727-of-2318, 52606
mtRaw-0728-of-2318, 52607
mtRaw-0729-of-2318, 52608
mtRaw-0730-of-2318, 52609
mtRaw-0731-of-2318, 52610
mtRaw-0732-of-2318, 52611
mtRaw-0733-of-2318, 52612
mtRaw-0734-of-2318, 52613
mtRaw-0735-of-2318, 52614
mtRaw-0736-of-2318, 52615
mtRaw-0737-of-2318, 52616
mtRaw-0738-of-2318, 52617
mtRaw-0739-of-2318, 52618
mtRaw-0740-of-2318, 52619
mtRaw-0741-of-2318, 52620
mtRaw-0742-of-2318, 52621
mtRaw-0743-of-2318, 52622
mtRaw-0744-of-2318, 52628
mtRaw-0745-of-2318, 52629
mtRaw-0746-of-2318, 52634
mtRaw-0747-of-2318, 52635
mtRaw-0748-of-2318, 52636
mtRaw-0749-of-2318, 52637
mtRaw-0750-of-2318, 52638
mtRaw-0751-of-2318, 52639
mtRaw-0752-of-2318, 52640
mtRaw-0753-of-2318, 52641
mtRaw-0754-of-2318, 52642
mtRaw-0755-of-2318, 52643
mtRaw-0756-of-2318, 52644
mtRaw-0757-of-2318, 52645
mtRaw-0758-of-2318, 52646
mtRaw-0759-of-2318, 52647
mtRaw-0760-of-2318, 52648
mtRaw-0761-of-2318, 52649
mtRaw-0762-of-2318, 52650
mtRaw-0763-of-2318, 52651
mtRaw-0764-of-2318, 52652
mtRaw-0765-of-2318, 52656
mtRaw-0766-of-2318, 52662
mtRaw-0767-of-2318, 52664
mtRaw-0768-of-2318, 52666
mtRaw-0769-of-2318, 52667
mtRaw-0770-of-2318, 52668
mtRaw-0771-of-2318, 52669
mtRaw-0772-of-2318, 52670
mtRaw-0773-of-2318, 52671
mtRaw-0774-of-2318, 52672
mtRaw-0775-of-2318, 52673
mtRaw-0776-of-2318, 52674
mtRaw-0777-of-2318, 52675
mtRaw-0778-of-2318, 52676
mtRaw-0779-of-2318, 52677
mtRaw-0780-of-2318, 52678
mtRaw-0781-of-2318, 52679
mtRaw-0782-of-2318, 52680
mtRaw-0783-of-2318, 52681
mtRaw-0784-of-2318, 52690
mtRaw-0785-of-2318, 52691
mtRaw-0786-of-2318, 52692
mtRaw-0787-of-2318, 52693
mtRaw-0788-of-2318, 52694
mtRaw-0789-of-2318, 52695
mtRaw-0790-of-2318, 52696
mtRaw-0791-of-2318, 52697
mtRaw-0792-of-2318, 52698
mtRaw-0793-of-2318, 52699
mtRaw-0794-of-2318, 52700
mtRaw-0795-of-2318, 52701
mtRaw-0796-of-2318, 52702
mtRaw-0797-of-2318, 52703
mtRaw-0798-of-2318, 52704
mtRaw-0799-of-2318, 52705
mtRaw-0800-of-2318, 52706
mtRaw-0801-of-2318, 52707
mtRaw-0802-of-2318, 52708
mtRaw-0803-of-2318, 52709
mtRaw-0804-of-2318, 52710
mtRaw-0805-of-2318, 52719
mtRaw-0806-of-2318, 52720
mtRaw-0807-of-2318, 52721
mtRaw-0808-of-2318, 52722
mtRaw-0809-of-2318, 52723
mtRaw-0810-of-2318, 52724
mtRaw-0811-of-2318, 52725
mtRaw-0812-of-2318, 52726
mtRaw-0813-of-2318, 52727
mtRaw-0814-of-2318, 52728
mtRaw-0815-of-2318, 52729
mtRaw-0816-of-2318, 52730
mtRaw-0817-of-2318, 52731
mtRaw-0818-of-2318, 52732
mtRaw-0819-of-2318, 52733
mtRaw-0820-of-2318, 52734
mtRaw-0821-of-2318, 52735
mtRaw-0822-of-2318, 52736
mtRaw-0823-of-2318, 52737
mtRaw-0824-of-2318, 52738
mtRaw-0825-of-2318, 52740
mtRaw-0826-of-2318, 52747
mtRaw-0827-of-2318, 52748
mtRaw-0828-of-2318, 52749
mtRaw-0829-of-2318, 52750
mtRaw-0830-of-2318, 52751
mtRaw-0831-of-2318, 52752
mtRaw-0832-of-2318, 52753
mtRaw-0833-of-2318, 52754
mtRaw-0834-of-2318, 52755
mtRaw-0835-of-2318, 52756
mtRaw-0836-of-2318, 52757
mtRaw-0837-of-2318, 52758
mtRaw-0838-of-2318, 52759
mtRaw-0839-of-2318, 52760
mtRaw-0840-of-2318, 52761
mtRaw-0841-of-2318, 52762
mtRaw-0842-of-2318, 52763
mtRaw-0843-of-2318, 52764
mtRaw-0844-of-2318, 52765
mtRaw-0845-of-2318, 52766
mtRaw-0846-of-2318, 52767
mtRaw-0847-of-2318, 52776
mtRaw-0848-of-2318, 52779
mtRaw-0849-of-2318, 52780
mtRaw-0850-of-2318, 52781
mtRaw-0851-of-2318, 52782
mtRaw-0852-of-2318, 52783
mtRaw-0853-of-2318, 52784
mtRaw-0854-of-2318, 52785
mtRaw-0855-of-2318, 52786
mtRaw-0856-of-2318, 52787
mtRaw-0857-of-2318, 52788
mtRaw-0858-of-2318, 52789
mtRaw-0859-of-2318, 52790
mtRaw-0860-of-2318, 52791
mtRaw-0861-of-2318, 52792
mtRaw-0862-of-2318, 52793
mtRaw-0863-of-2318, 52794
mtRaw-0864-of-2318, 52795
mtRaw-0865-of-2318, 52796
mtRaw-0866-of-2318, 52797
mtRaw-0867-of-2318, 52804
mtRaw-0868-of-2318, 52806
mtRaw-0869-of-2318, 52809
mtRaw-0870-of-2318, 52810
mtRaw-0871-of-2318, 52811
mtRaw-0872-of-2318, 52812
mtRaw-0873-of-2318, 52813
mtRaw-0874-of-2318, 52814
mtRaw-0875-of-2318, 52815
mtRaw-0876-of-2318, 52816
mtRaw-0877-of-2318, 52817
mtRaw-0878-of-2318, 52818
mtRaw-0879-of-2318, 52819
mtRaw-0880-of-2318, 52820
mtRaw-0881-of-2318, 52821
mtRaw-0882-of-2318, 52822
mtRaw-0883-of-2318, 52823
mtRaw-0884-of-2318, 52824
mtRaw-0885-of-2318, 52825
mtRaw-0886-of-2318, 52826
mtRaw-0887-of-2318, 52827
mtRaw-0888-of-2318, 52828
mtRaw-0889-of-2318, 52839
mtRaw-0890-of-2318, 52840
mtRaw-0891-of-2318, 52843
mtRaw-0892-of-2318, 52863
mtRaw-0893-of-2318, 52870
mtRaw-0894-of-2318, 52872
mtRaw-0895-of-2318, 52874
mtRaw-0896-of-2318, 52875
mtRaw-0897-of-2318, 52876
mtRaw-0898-of-2318, 52877
mtRaw-0899-of-2318, 52878
mtRaw-0900-of-2318, 52879
mtRaw-0901-of-2318, 52880
mtRaw-0902-of-2318, 52881
mtRaw-0903-of-2318, 52882
mtRaw-0904-of-2318, 52883
mtRaw-0905-of-2318, 52884
mtRaw-0906-of-2318, 52885
mtRaw-0907-of-2318, 52886
mtRaw-0908-of-2318, 52892
mtRaw-0909-of-2318, 52899
mtRaw-0910-of-2318, 52901
mtRaw-0911-of-2318, 52902
mtRaw-0912-of-2318, 52903
mtRaw-0913-of-2318, 52904
mtRaw-0914-of-2318, 52905
mtRaw-0915-of-2318, 52906
mtRaw-0916-of-2318, 52907
mtRaw-0917-of-2318, 52908
mtRaw-0918-of-2318, 52909
mtRaw-0919-of-2318, 52910
mtRaw-0920-of-2318, 52911
mtRaw-0921-of-2318, 52912
mtRaw-0922-of-2318, 52913
mtRaw-0923-of-2318, 52914
mtRaw-0924-of-2318, 52915
mtRaw-0925-of-2318, 52916
mtRaw-0926-of-2318, 52918
mtRaw-0927-of-2318, 52919
mtRaw-0928-of-2318, 52921
mtRaw-0929-of-2318, 52922
mtRaw-0930-of-2318, 52923
mtRaw-0931-of-2318, 52924
mtRaw-0932-of-2318, 52925
mtRaw-0933-of-2318, 52928
mtRaw-0934-of-2318, 52929
mtRaw-0935-of-2318, 52930
mtRaw-0936-of-2318, 52931
mtRaw-0937-of-2318, 52932
mtRaw-0938-of-2318, 52933
mtRaw-0939-of-2318, 52934
mtRaw-0940-of-2318, 52935
mtRaw-0941-of-2318, 52936
mtRaw-0942-of-2318, 52937
mtRaw-0943-of-2318, 52938
mtRaw-0944-of-2318, 52939
mtRaw-0945-of-2318, 52940
mtRaw-0946-of-2318, 52941
mtRaw-0947-of-2318, 52942
mtRaw-0948-of-2318, 52943
mtRaw-0949-of-2318, 52944
mtRaw-0950-of-2318, 52945
mtRaw-0951-of-2318, 52946
mtRaw-0952-of-2318, 52947
mtRaw-0953-of-2318, 52957
mtRaw-0954-of-2318, 52958
mtRaw-0955-of-2318, 52959
mtRaw-0956-of-2318, 52960
mtRaw-0957-of-2318, 52961
mtRaw-0958-of-2318, 52962
mtRaw-0959-of-2318, 52963
mtRaw-0960-of-2318, 52964
mtRaw-0961-of-2318, 52965
mtRaw-0962-of-2318, 52966
mtRaw-0963-of-2318, 52967
mtRaw-0964-of-2318, 52968
mtRaw-0965-of-2318, 52969
mtRaw-0966-of-2318, 52970
mtRaw-0967-of-2318, 52971
mtRaw-0968-of-2318, 52972
mtRaw-0969-of-2318, 52973
mtRaw-0970-of-2318, 52974
mtRaw-0971-of-2318, 52975
mtRaw-0972-of-2318, 52976
mtRaw-0973-of-2318, 52977
mtRaw-0974-of-2318, 52983
mtRaw-0975-of-2318, 52986
mtRaw-0976-of-2318, 52987
mtRaw-0977-of-2318, 52988
mtRaw-0978-of-2318, 52989
mtRaw-0979-of-2318, 52990
mtRaw-0980-of-2318, 52991
mtRaw-0981-of-2318, 52992
mtRaw-0982-of-2318, 52993
mtRaw-0983-of-2318, 52994
mtRaw-0984-of-2318, 52995
mtRaw-0985-of-2318, 52996
mtRaw-0986-of-2318, 52997
mtRaw-0987-of-2318, 52998
mtRaw-0988-of-2318, 52999
mtRaw-0989-of-2318, 53000
mtRaw-0990-of-2318, 53001
mtRaw-0991-of-2318, 53002
mtRaw-0992-of-2318, 53003
mtRaw-0993-of-2318, 53004
mtRaw-0994-of-2318, 53005
mtRaw-0995-of-2318, 53006
mtRaw-0996-of-2318, 53014
mtRaw-0997-of-2318, 53015
mtRaw-0998-of-2318, 53016
mtRaw-0999-of-2318, 53017
mtRaw-1000-of-2318, 53018
mtRaw-1001-of-2318, 53019
mtRaw-1002-of-2318, 53020
mtRaw-1003-of-2318, 53021
mtRaw-1004-of-2318, 53022
mtRaw-1005-of-2318, 53023
mtRaw-1006-of-2318, 53024
mtRaw-1007-of-2318, 53025
mtRaw-1008-of-2318, 53026
mtRaw-1009-of-2318, 53027
mtRaw-1010-of-2318, 53028
mtRaw-1011-of-2318, 53029
mtRaw-1012-of-2318, 53030
mtRaw-1013-of-2318, 53031
mtRaw-1014-of-2318, 53032
mtRaw-1015-of-2318, 53033
mtRaw-1016-of-2318, 53034
mtRaw-1017-of-2318, 53035
mtRaw-1018-of-2318, 53042
mtRaw-1019-of-2318, 53043
mtRaw-1020-of-2318, 53044
mtRaw-1021-of-2318, 53045
mtRaw-1022-of-2318, 53046
mtRaw-1023-of-2318, 53047
mtRaw-1024-of-2318, 53048
mtRaw-1025-of-2318, 53049
mtRaw-1026-of-2318, 53050
mtRaw-1027-of-2318, 53051
mtRaw-1028-of-2318, 53052
mtRaw-1029-of-2318, 53053
mtRaw-1030-of-2318, 53054
mtRaw-1031-of-2318, 53055
mtRaw-1032-of-2318, 53056
mtRaw-1033-of-2318, 53057
mtRaw-1034-of-2318, 53058
mtRaw-1035-of-2318, 53059
mtRaw-1036-of-2318, 53060
mtRaw-1037-of-2318, 53061
mtRaw-1038-of-2318, 53062
mtRaw-1039-of-2318, 53063
mtRaw-1040-of-2318, 53064
mtRaw-1041-of-2318, 53066
mtRaw-1042-of-2318, 53068
mtRaw-1043-of-2318, 53072
mtRaw-1044-of-2318, 53073
mtRaw-1045-of-2318, 53074
mtRaw-1046-of-2318, 53075
mtRaw-1047-of-2318, 53076
mtRaw-1048-of-2318, 53077
mtRaw-1049-of-2318, 53078
mtRaw-1050-of-2318, 53079
mtRaw-1051-of-2318, 53080
mtRaw-1052-of-2318, 53081
mtRaw-1053-of-2318, 53082
mtRaw-1054-of-2318, 53083
mtRaw-1055-of-2318, 53084
mtRaw-1056-of-2318, 53085
mtRaw-1057-of-2318, 53086
mtRaw-1058-of-2318, 53087
mtRaw-1059-of-2318, 53088
mtRaw-1060-of-2318, 53089
mtRaw-1061-of-2318, 53090
mtRaw-1062-of-2318, 53091
mtRaw-1063-of-2318, 53092
mtRaw-1064-of-2318, 53094
mtRaw-1065-of-2318, 53095
mtRaw-1066-of-2318, 53096
mtRaw-1067-of-2318, 53099
mtRaw-1068-of-2318, 53101
mtRaw-1069-of-2318, 53102
mtRaw-1070-of-2318, 53103
mtRaw-1071-of-2318, 53104
mtRaw-1072-of-2318, 53105
mtRaw-1073-of-2318, 53106
mtRaw-1074-of-2318, 53107
mtRaw-1075-of-2318, 53108
mtRaw-1076-of-2318, 53109
mtRaw-1077-of-2318, 53110
mtRaw-1078-of-2318, 53111
mtRaw-1079-of-2318, 53112
mtRaw-1080-of-2318, 53113
mtRaw-1081-of-2318, 53114
mtRaw-1082-of-2318, 53115
mtRaw-1083-of-2318, 53116
mtRaw-1084-of-2318, 53117
mtRaw-1085-of-2318, 53118
mtRaw-1086-of-2318, 53119
mtRaw-1087-of-2318, 53120
mtRaw-1088-of-2318, 53121
mtRaw-1089-of-2318, 53123
mtRaw-1090-of-2318, 53124
mtRaw-1091-of-2318, 53125
mtRaw-1092-of-2318, 53126
mtRaw-1093-of-2318, 53128
mtRaw-1094-of-2318, 53129
mtRaw-1095-of-2318, 53130
mtRaw-1096-of-2318, 53132
mtRaw-1097-of-2318, 53133
mtRaw-1098-of-2318, 53134
mtRaw-1099-of-2318, 53135
mtRaw-1100-of-2318, 53136
mtRaw-1101-of-2318, 53137
mtRaw-1102-of-2318, 53138
mtRaw-1103-of-2318, 53139
mtRaw-1104-of-2318, 53140
mtRaw-1105-of-2318, 53141
mtRaw-1106-of-2318, 53142
mtRaw-1107-of-2318, 53143
mtRaw-1108-of-2318, 53144
mtRaw-1109-of-2318, 53145
mtRaw-1110-of-2318, 53146
mtRaw-1111-of-2318, 53147
mtRaw-1112-of-2318, 53148
mtRaw-1113-of-2318, 53149
mtRaw-1114-of-2318, 53150
mtRaw-1115-of-2318, 53151
mtRaw-1116-of-2318, 53161
mtRaw-1117-of-2318, 53163
mtRaw-1118-of-2318, 53164
mtRaw-1119-of-2318, 53165
mtRaw-1120-of-2318, 53166
mtRaw-1121-of-2318, 53167
mtRaw-1122-of-2318, 53168
mtRaw-1123-of-2318, 53169
mtRaw-1124-of-2318, 53170
mtRaw-1125-of-2318, 53171
mtRaw-1126-of-2318, 53172
mtRaw-1127-of-2318, 53173
mtRaw-1128-of-2318, 53174
mtRaw-1129-of-2318, 53175
mtRaw-1130-of-2318, 53176
mtRaw-1131-of-2318, 53177
mtRaw-1132-of-2318, 53178
mtRaw-1133-of-2318, 53179
mtRaw-1134-of-2318, 53180
mtRaw-1135-of-2318, 53181
mtRaw-1136-of-2318, 53182
mtRaw-1137-of-2318, 53185
mtRaw-1138-of-2318, 53187
mtRaw-1139-of-2318, 53188
mtRaw-1140-of-2318, 53189
mtRaw-1141-of-2318, 53192
mtRaw-1142-of-2318, 53216
mtRaw-1143-of-2318, 53217
mtRaw-1144-of-2318, 53218
mtRaw-1145-of-2318, 53222
mtRaw-1146-of-2318, 53223
mtRaw-1147-of-2318, 53224
mtRaw-1148-of-2318, 53225
mtRaw-1149-of-2318, 53226
mtRaw-1150-of-2318, 53227
mtRaw-1151-of-2318, 53228
mtRaw-1152-of-2318, 53229
mtRaw-1153-of-2318, 53230
mtRaw-1154-of-2318, 53231
mtRaw-1155-of-2318, 53232
mtRaw-1156-of-2318, 53233
mtRaw-1157-of-2318, 53234
mtRaw-1158-of-2318, 53235
mtRaw-1159-of-2318, 53236
mtRaw-1160-of-2318, 53237
mtRaw-1161-of-2318, 53238
mtRaw-1162-of-2318, 53239
mtRaw-1163-of-2318, 53240
mtRaw-1164-of-2318, 53241
mtRaw-1165-of-2318, 53242
mtRaw-1166-of-2318, 53243
mtRaw-1167-of-2318, 53249
mtRaw-1168-of-2318, 53250
mtRaw-1169-of-2318, 53251
mtRaw-1170-of-2318, 53256
mtRaw-1171-of-2318, 53257
mtRaw-1172-of-2318, 53258
mtRaw-1173-of-2318, 53259
mtRaw-1174-of-2318, 53260
mtRaw-1175-of-2318, 53261
mtRaw-1176-of-2318, 53262
mtRaw-1177-of-2318, 53263
mtRaw-1178-of-2318, 53264
mtRaw-1179-of-2318, 53265
mtRaw-1180-of-2318, 53266
mtRaw-1181-of-2318, 53267
mtRaw-1182-of-2318, 53268
mtRaw-1183-of-2318, 53269
mtRaw-1184-of-2318, 53270
mtRaw-1185-of-2318, 53271
mtRaw-1186-of-2318, 53272
mtRaw-1187-of-2318, 53277
mtRaw-1188-of-2318, 53279
mtRaw-1189-of-2318, 53280
mtRaw-1190-of-2318, 53282
mtRaw-1191-of-2318, 53283
mtRaw-1192-of-2318, 53284
mtRaw-1193-of-2318, 53285
mtRaw-1194-of-2318, 53286
mtRaw-1195-of-2318, 53287
mtRaw-1196-of-2318, 53288
mtRaw-1197-of-2318, 53289
mtRaw-1198-of-2318, 53290
mtRaw-1199-of-2318, 53291
mtRaw-1200-of-2318, 53292
mtRaw-1201-of-2318, 53293
mtRaw-1202-of-2318, 53294
mtRaw-1203-of-2318, 53295
mtRaw-1204-of-2318, 53296
mtRaw-1205-of-2318, 53297
mtRaw-1206-of-2318, 53298
mtRaw-1207-of-2318, 53299
mtRaw-1208-of-2318, 53300
mtRaw-1209-of-2318, 53301
mtRaw-1210-of-2318, 53302
mtRaw-1211-of-2318, 53308
mtRaw-1212-of-2318, 53309
mtRaw-1213-of-2318, 53310
mtRaw-1214-of-2318, 53311
mtRaw-1215-of-2318, 53312
mtRaw-1216-of-2318, 53313
mtRaw-1217-of-2318, 53314
mtRaw-1218-of-2318, 53315
mtRaw-1219-of-2318, 53316
mtRaw-1220-of-2318, 53317
mtRaw-1221-of-2318, 53318
mtRaw-1222-of-2318, 53319
mtRaw-1223-of-2318, 53320
mtRaw-1224-of-2318, 53321
mtRaw-1225-of-2318, 53322
mtRaw-1226-of-2318, 53323
mtRaw-1227-of-2318, 53324
mtRaw-1228-of-2318, 53325
mtRaw-1229-of-2318, 53326
mtRaw-1230-of-2318, 53327
mtRaw-1231-of-2318, 53328
mtRaw-1232-of-2318, 53329
mtRaw-1233-of-2318, 53330
mtRaw-1234-of-2318, 53339
mtRaw-1235-of-2318, 53340
mtRaw-1236-of-2318, 53341
mtRaw-1237-of-2318, 53342
mtRaw-1238-of-2318, 53343
mtRaw-1239-of-2318, 53344
mtRaw-1240-of-2318, 53345
mtRaw-1241-of-2318, 53346
mtRaw-1242-of-2318, 53347
mtRaw-1243-of-2318, 53348
mtRaw-1244-of-2318, 53349
mtRaw-1245-of-2318, 53350
mtRaw-1246-of-2318, 53351
mtRaw-1247-of-2318, 53352
mtRaw-1248-of-2318, 53353
mtRaw-1249-of-2318, 53354
mtRaw-1250-of-2318, 53355
mtRaw-1251-of-2318, 53356
mtRaw-1252-of-2318, 53357
mtRaw-1253-of-2318, 53358
mtRaw-1254-of-2318, 53359
mtRaw-1255-of-2318, 53360
mtRaw-1256-of-2318, 53369
mtRaw-1257-of-2318, 53370
mtRaw-1258-of-2318, 53371
mtRaw-1259-of-2318, 53372
mtRaw-1260-of-2318, 53373
mtRaw-1261-of-2318, 53374
mtRaw-1262-of-2318, 53375
mtRaw-1263-of-2318, 53376
mtRaw-1264-of-2318, 53377
mtRaw-1265-of-2318, 53378
mtRaw-1266-of-2318, 53379
mtRaw-1267-of-2318, 53380
mtRaw-1268-of-2318, 53381
mtRaw-1269-of-2318, 53382
mtRaw-1270-of-2318, 53383
mtRaw-1271-of-2318, 53384
mtRaw-1272-of-2318, 53385
mtRaw-1273-of-2318, 53386
mtRaw-1274-of-2318, 53387
mtRaw-1275-of-2318, 53388
mtRaw-1276-of-2318, 53389
mtRaw-1277-of-2318, 53397
mtRaw-1278-of-2318, 53398
mtRaw-1279-of-2318, 53399
mtRaw-1280-of-2318, 53400
mtRaw-1281-of-2318, 53401
mtRaw-1282-of-2318, 53402
mtRaw-1283-of-2318, 53403
mtRaw-1284-of-2318, 53404
mtRaw-1285-of-2318, 53405
mtRaw-1286-of-2318, 53406
mtRaw-1287-of-2318, 53407
mtRaw-1288-of-2318, 53409
mtRaw-1289-of-2318, 53410
mtRaw-1290-of-2318, 53411
mtRaw-1291-of-2318, 53412
mtRaw-1292-of-2318, 53413
mtRaw-1293-of-2318, 53414
mtRaw-1294-of-2318, 53415
mtRaw-1295-of-2318, 53416
mtRaw-1296-of-2318, 53417
mtRaw-1297-of-2318, 53418
mtRaw-1298-of-2318, 53427
mtRaw-1299-of-2318, 53429
mtRaw-1300-of-2318, 53430
mtRaw-1301-of-2318, 53431
mtRaw-1302-of-2318, 53432
mtRaw-1303-of-2318, 53433
mtRaw-1304-of-2318, 53434
mtRaw-1305-of-2318, 53435
mtRaw-1306-of-2318, 53436
mtRaw-1307-of-2318, 53437
mtRaw-1308-of-2318, 53438
mtRaw-1309-of-2318, 53439
mtRaw-1310-of-2318, 53440
mtRaw-1311-of-2318, 53441
mtRaw-1312-of-2318, 53442
mtRaw-1313-of-2318, 53443
mtRaw-1314-of-2318, 53444
mtRaw-1315-of-2318, 53445
mtRaw-1316-of-2318, 53446
mtRaw-1317-of-2318, 53447
mtRaw-1318-of-2318, 53453
mtRaw-1319-of-2318, 53454
mtRaw-1320-of-2318, 53455
mtRaw-1321-of-2318, 53456
mtRaw-1322-of-2318, 53457
mtRaw-1323-of-2318, 53458
mtRaw-1324-of-2318, 53459
mtRaw-1325-of-2318, 53460
mtRaw-1326-of-2318, 53461
mtRaw-1327-of-2318, 53462
mtRaw-1328-of-2318, 53463
mtRaw-1329-of-2318, 53464
mtRaw-1330-of-2318, 53465
mtRaw-1331-of-2318, 53466
mtRaw-1332-of-2318, 53467
mtRaw-1333-of-2318, 53468
mtRaw-1334-of-2318, 53469
mtRaw-1335-of-2318, 53470
mtRaw-1336-of-2318, 53471
mtRaw-1337-of-2318, 53472
mtRaw-1338-of-2318, 53473
mtRaw-1339-of-2318, 53474
mtRaw-1340-of-2318, 53475
mtRaw-1341-of-2318, 53476
mtRaw-1342-of-2318, 53477
mtRaw-1343-of-2318, 53478
mtRaw-1344-of-2318, 53479
mtRaw-1345-of-2318, 53480
mtRaw-1346-of-2318, 53481
mtRaw-1347-of-2318, 53482
mtRaw-1348-of-2318, 53487
mtRaw-1349-of-2318, 53488
mtRaw-1350-of-2318, 53489
mtRaw-1351-of-2318, 53490
mtRaw-1352-of-2318, 53491
mtRaw-1353-of-2318, 53492
mtRaw-1354-of-2318, 53493
mtRaw-1355-of-2318, 53494
mtRaw-1356-of-2318, 53495
mtRaw-1357-of-2318, 53496
mtRaw-1358-of-2318, 53497
mtRaw-1359-of-2318, 53498
mtRaw-1360-of-2318, 53499
mtRaw-1361-of-2318, 53500
mtRaw-1362-of-2318, 53501
mtRaw-1363-of-2318, 53502
mtRaw-1364-of-2318, 53503
mtRaw-1365-of-2318, 53504
mtRaw-1366-of-2318, 53505
mtRaw-1367-of-2318, 53510
mtRaw-1368-of-2318, 53516
mtRaw-1369-of-2318, 53517
mtRaw-1370-of-2318, 53518
mtRaw-1371-of-2318, 53519
mtRaw-1372-of-2318, 53520
mtRaw-1373-of-2318, 53521
mtRaw-1374-of-2318, 53522
mtRaw-1375-of-2318, 53523
mtRaw-1376-of-2318, 53524
mtRaw-1377-of-2318, 53525
mtRaw-1378-of-2318, 53526
mtRaw-1379-of-2318, 53527
mtRaw-1380-of-2318, 53528
mtRaw-1381-of-2318, 53529
mtRaw-1382-of-2318, 53530
mtRaw-1383-of-2318, 53531
mtRaw-1384-of-2318, 53532
mtRaw-1385-of-2318, 53533
mtRaw-1386-of-2318, 53534
mtRaw-1387-of-2318, 53535
mtRaw-1388-of-2318, 53536
mtRaw-1389-of-2318, 53545
mtRaw-1390-of-2318, 53553
mtRaw-1391-of-2318, 53554
mtRaw-1392-of-2318, 53555
mtRaw-1393-of-2318, 53556
mtRaw-1394-of-2318, 53557
mtRaw-1395-of-2318, 53558
mtRaw-1396-of-2318, 53559
mtRaw-1397-of-2318, 53560
mtRaw-1398-of-2318, 53561
mtRaw-1399-of-2318, 53562
mtRaw-1400-of-2318, 53563
mtRaw-1401-of-2318, 53564
mtRaw-1402-of-2318, 53565
mtRaw-1403-of-2318, 53566
mtRaw-1404-of-2318, 53567
mtRaw-1405-of-2318, 53575
mtRaw-1406-of-2318, 53607
mtRaw-1407-of-2318, 53608
mtRaw-1408-of-2318, 53609
mtRaw-1409-of-2318, 53610
mtRaw-1410-of-2318, 53611
mtRaw-1411-of-2318, 53612
mtRaw-1412-of-2318, 53613
mtRaw-1413-of-2318, 53614
mtRaw-1414-of-2318, 53615
mtRaw-1415-of-2318, 53616
mtRaw-1416-of-2318, 53617
mtRaw-1417-of-2318, 53618
mtRaw-1418-of-2318, 53619
mtRaw-1419-of-2318, 53620
mtRaw-1420-of-2318, 53621
mtRaw-1421-of-2318, 53622
mtRaw-1422-of-2318, 53623
mtRaw-1423-of-2318, 53624
mtRaw-1424-of-2318, 53625
mtRaw-1425-of-2318, 53626
mtRaw-1426-of-2318, 53627
mtRaw-1427-of-2318, 53628
mtRaw-1428-of-2318, 53629
mtRaw-1429-of-2318, 53630
mtRaw-1430-of-2318, 53631
mtRaw-1431-of-2318, 53632
mtRaw-1432-of-2318, 53634
mtRaw-1433-of-2318, 53635
mtRaw-1434-of-2318, 53636
mtRaw-1435-of-2318, 53637
mtRaw-1436-of-2318, 53638
mtRaw-1437-of-2318, 53639
mtRaw-1438-of-2318, 53640
mtRaw-1439-of-2318, 53641
mtRaw-1440-of-2318, 53642
mtRaw-1441-of-2318, 53643
mtRaw-1442-of-2318, 53644
mtRaw-1443-of-2318, 53645
mtRaw-1444-of-2318, 53646
mtRaw-1445-of-2318, 53647
mtRaw-1446-of-2318, 53648
mtRaw-1447-of-2318, 53649
mtRaw-1448-of-2318, 53650
mtRaw-1449-of-2318, 53651
mtRaw-1450-of-2318, 53652
mtRaw-1451-of-2318, 53653
mtRaw-1452-of-2318, 53654
mtRaw-1453-of-2318, 53655
mtRaw-1454-of-2318, 53656
mtRaw-1455-of-2318, 53657
mtRaw-1456-of-2318, 53661
mtRaw-1457-of-2318, 53662
mtRaw-1458-of-2318, 53663
mtRaw-1459-of-2318, 53664
mtRaw-1460-of-2318, 53665
mtRaw-1461-of-2318, 53666
mtRaw-1462-of-2318, 53667
mtRaw-1463-of-2318, 53668
mtRaw-1464-of-2318, 53669
mtRaw-1465-of-2318, 53670
mtRaw-1466-of-2318, 53671
mtRaw-1467-of-2318, 53672
mtRaw-1468-of-2318, 53673
mtRaw-1469-of-2318, 53674
mtRaw-1470-of-2318, 53675
mtRaw-1471-of-2318, 53676
mtRaw-1472-of-2318, 53677
mtRaw-1473-of-2318, 53678
mtRaw-1474-of-2318, 53679
mtRaw-1475-of-2318, 53680
mtRaw-1476-of-2318, 53681
mtRaw-1477-of-2318, 53682
mtRaw-1478-of-2318, 53683
mtRaw-1479-of-2318, 53684
mtRaw-1480-of-2318, 53685
mtRaw-1481-of-2318, 53686
mtRaw-1482-of-2318, 53687
mtRaw-1483-of-2318, 53692
mtRaw-1484-of-2318, 53693
mtRaw-1485-of-2318, 53694
mtRaw-1486-of-2318, 53695
mtRaw-1487-of-2318, 53696
mtRaw-1488-of-2318, 53697
mtRaw-1489-of-2318, 53698
mtRaw-1490-of-2318, 53699
mtRaw-1491-of-2318, 53700
mtRaw-1492-of-2318, 53701
mtRaw-1493-of-2318, 53702
mtRaw-1494-of-2318, 53703
mtRaw-1495-of-2318, 53704
mtRaw-1496-of-2318, 53705
mtRaw-1497-of-2318, 53706
mtRaw-1498-of-2318, 53707
mtRaw-1499-of-2318, 53708
mtRaw-1500-of-2318, 53709
mtRaw-1501-of-2318, 53710
mtRaw-1502-of-2318, 53711
mtRaw-1503-of-2318, 53712
mtRaw-1504-of-2318, 53713
mtRaw-1505-of-2318, 53714
mtRaw-1506-of-2318, 53720
mtRaw-1507-of-2318, 53724
mtRaw-1508-of-2318, 53725
mtRaw-1509-of-2318, 53726
mtRaw-1510-of-2318, 53727
mtRaw-1511-of-2318, 53728
mtRaw-1512-of-2318, 53729
mtRaw-1513-of-2318, 53730
mtRaw-1514-of-2318, 53731
mtRaw-1515-of-2318, 53732
mtRaw-1516-of-2318, 53733
mtRaw-1517-of-2318, 53734
mtRaw-1518-of-2318, 53735
mtRaw-1519-of-2318, 53736
mtRaw-1520-of-2318, 53737
mtRaw-1521-of-2318, 53738
mtRaw-1522-of-2318, 53739
mtRaw-1523-of-2318, 53740
mtRaw-1524-of-2318, 53741
mtRaw-1525-of-2318, 53742
mtRaw-1526-of-2318, 53743
mtRaw-1527-of-2318, 53744
mtRaw-1528-of-2318, 53753
mtRaw-1529-of-2318, 53754
mtRaw-1530-of-2318, 53755
mtRaw-1531-of-2318, 53756
mtRaw-1532-of-2318, 53757
mtRaw-1533-of-2318, 53758
mtRaw-1534-of-2318, 53759
mtRaw-1535-of-2318, 53760
mtRaw-1536-of-2318, 53761
mtRaw-1537-of-2318, 53762
mtRaw-1538-of-2318, 53763
mtRaw-1539-of-2318, 53764
mtRaw-1540-of-2318, 53765
mtRaw-1541-of-2318, 53766
mtRaw-1542-of-2318, 53767
mtRaw-1543-of-2318, 53768
mtRaw-1544-of-2318, 53769
mtRaw-1545-of-2318, 53770
mtRaw-1546-of-2318, 53771
mtRaw-1547-of-2318, 53772
mtRaw-1548-of-2318, 53773
mtRaw-1549-of-2318, 53776
mtRaw-1550-of-2318, 53777
mtRaw-1551-of-2318, 53778
mtRaw-1552-of-2318, 53779
mtRaw-1553-of-2318, 53780
mtRaw-1554-of-2318, 53781
mtRaw-1555-of-2318, 53782
mtRaw-1556-of-2318, 53783
mtRaw-1557-of-2318, 53784
mtRaw-1558-of-2318, 53785
mtRaw-1559-of-2318, 53786
mtRaw-1560-of-2318, 53787
mtRaw-1561-of-2318, 53788
mtRaw-1562-of-2318, 53789
mtRaw-1563-of-2318, 53790
mtRaw-1564-of-2318, 53791
mtRaw-1565-of-2318, 53792
mtRaw-1566-of-2318, 53793
mtRaw-1567-of-2318, 53794
mtRaw-1568-of-2318, 53795
mtRaw-1569-of-2318, 53796
mtRaw-1570-of-2318, 53797
mtRaw-1571-of-2318, 53798
mtRaw-1572-of-2318, 53799
mtRaw-1573-of-2318, 53800
mtRaw-1574-of-2318, 53801
mtRaw-1575-of-2318, 53803
mtRaw-1576-of-2318, 53804
mtRaw-1577-of-2318, 53805
mtRaw-1578-of-2318, 53806
mtRaw-1579-of-2318, 53807
mtRaw-1580-of-2318, 53808
mtRaw-1581-of-2318, 53809
mtRaw-1582-of-2318, 53810
mtRaw-1583-of-2318, 53811
mtRaw-1584-of-2318, 53813
mtRaw-1585-of-2318, 53814
mtRaw-1586-of-2318, 53815
mtRaw-1587-of-2318, 53816
mtRaw-1588-of-2318, 53817
mtRaw-1589-of-2318, 53818
mtRaw-1590-of-2318, 53819
mtRaw-1591-of-2318, 53820
mtRaw-1592-of-2318, 53821
mtRaw-1593-of-2318, 53822
mtRaw-1594-of-2318, 53823
mtRaw-1595-of-2318, 53824
mtRaw-1596-of-2318, 53825
mtRaw-1597-of-2318, 53826
mtRaw-1598-of-2318, 53827
mtRaw-1599-of-2318, 53828
mtRaw-1600-of-2318, 53829
mtRaw-1601-of-2318, 53830
mtRaw-1602-of-2318, 53832
mtRaw-1603-of-2318, 53833
mtRaw-1604-of-2318, 53834
mtRaw-1605-of-2318, 53835
mtRaw-1606-of-2318, 53836
mtRaw-1607-of-2318, 53837
mtRaw-1608-of-2318, 53838
mtRaw-1609-of-2318, 53839
mtRaw-1610-of-2318, 53840
mtRaw-1611-of-2318, 53841
mtRaw-1612-of-2318, 53842
mtRaw-1613-of-2318, 53843
mtRaw-1614-of-2318, 53844
mtRaw-1615-of-2318, 53845
mtRaw-1616-of-2318, 53846
mtRaw-1617-of-2318, 53847
mtRaw-1618-of-2318, 53848
mtRaw-1619-of-2318, 53849
mtRaw-1620-of-2318, 53850
mtRaw-1621-of-2318, 53851
mtRaw-1622-of-2318, 53852
mtRaw-1623-of-2318, 53853
mtRaw-1624-of-2318, 53854
mtRaw-1625-of-2318, 53855
mtRaw-1626-of-2318, 53856
mtRaw-1627-of-2318, 53857
mtRaw-1628-of-2318, 53858
mtRaw-1629-of-2318, 53859
mtRaw-1630-of-2318, 53860
mtRaw-1631-of-2318, 53861
mtRaw-1632-of-2318, 53862
mtRaw-1633-of-2318, 53863
mtRaw-1634-of-2318, 53864
mtRaw-1635-of-2318, 53865
mtRaw-1636-of-2318, 53866
mtRaw-1637-of-2318, 53867
mtRaw-1638-of-2318, 53868
mtRaw-1639-of-2318, 53869
mtRaw-1640-of-2318, 53871
mtRaw-1641-of-2318, 53872
mtRaw-1642-of-2318, 53873
mtRaw-1643-of-2318, 53874
mtRaw-1644-of-2318, 53875
mtRaw-1645-of-2318, 53876
mtRaw-1646-of-2318, 53877
mtRaw-1647-of-2318, 53878
mtRaw-1648-of-2318, 53879
mtRaw-1649-of-2318, 53880
mtRaw-1650-of-2318, 53881
mtRaw-1651-of-2318, 53882
mtRaw-1652-of-2318, 53883
mtRaw-1653-of-2318, 53884
mtRaw-1654-of-2318, 53885
mtRaw-1655-of-2318, 53886
mtRaw-1656-of-2318, 53887
mtRaw-1657-of-2318, 53888
mtRaw-1658-of-2318, 53889
mtRaw-1659-of-2318, 53890
mtRaw-1660-of-2318, 53891
mtRaw-1661-of-2318, 53892
mtRaw-1662-of-2318, 53893
mtRaw-1663-of-2318, 53894
mtRaw-1664-of-2318, 53895
mtRaw-1665-of-2318, 53896
mtRaw-1666-of-2318, 53897
mtRaw-1667-of-2318, 53898
mtRaw-1668-of-2318, 53899
mtRaw-1669-of-2318, 53900
mtRaw-1670-of-2318, 53901
mtRaw-1671-of-2318, 53902
mtRaw-1672-of-2318, 53903
mtRaw-1673-of-2318, 53904
mtRaw-1674-of-2318, 53905
mtRaw-1675-of-2318, 53906
mtRaw-1676-of-2318, 53907
mtRaw-1677-of-2318, 53908
mtRaw-1678-of-2318, 53909
mtRaw-1679-of-2318, 53910
mtRaw-1680-of-2318, 53911
mtRaw-1681-of-2318, 53912
mtRaw-1682-of-2318, 53913
mtRaw-1683-of-2318, 53914
mtRaw-1684-of-2318, 53915
mtRaw-1685-of-2318, 53916
mtRaw-1686-of-2318, 53917
mtRaw-1687-of-2318, 53918
mtRaw-1688-of-2318, 53919
mtRaw-1689-of-2318, 53920
mtRaw-1690-of-2318, 53921
mtRaw-1691-of-2318, 53951
mtRaw-1692-of-2318, 53959
mtRaw-1693-of-2318, 53960
mtRaw-1694-of-2318, 53961
mtRaw-1695-of-2318, 53963
mtRaw-1696-of-2318, 53965
mtRaw-1697-of-2318, 53966
mtRaw-1698-of-2318, 53967
mtRaw-1699-of-2318, 53968
mtRaw-1700-of-2318, 53969
mtRaw-1701-of-2318, 53970
mtRaw-1702-of-2318, 53971
mtRaw-1703-of-2318, 53972
mtRaw-1704-of-2318, 53973
mtRaw-1705-of-2318, 53974
mtRaw-1706-of-2318, 53975
mtRaw-1707-of-2318, 53976
mtRaw-1708-of-2318, 53977
mtRaw-1709-of-2318, 53978
mtRaw-1710-of-2318, 53979
mtRaw-1711-of-2318, 53980
mtRaw-1712-of-2318, 53982
mtRaw-1713-of-2318, 53984
mtRaw-1714-of-2318, 53985
mtRaw-1715-of-2318, 53986
mtRaw-1716-of-2318, 53988
mtRaw-1717-of-2318, 53989
mtRaw-1718-of-2318, 53990
mtRaw-1719-of-2318, 53991
mtRaw-1720-of-2318, 53992
mtRaw-1721-of-2318, 53993
mtRaw-1722-of-2318, 53994
mtRaw-1723-of-2318, 53995
mtRaw-1724-of-2318, 53996
mtRaw-1725-of-2318, 53997
mtRaw-1726-of-2318, 53998
mtRaw-1727-of-2318, 53999
mtRaw-1728-of-2318, 54000
mtRaw-1729-of-2318, 54001
mtRaw-1730-of-2318, 54002
mtRaw-1731-of-2318, 54003
mtRaw-1732-of-2318, 54004
mtRaw-1733-of-2318, 54005
mtRaw-1734-of-2318, 54006
mtRaw-1735-of-2318, 54007
mtRaw-1736-of-2318, 54008
mtRaw-1737-of-2318, 54009
mtRaw-1738-of-2318, 54010
mtRaw-1739-of-2318, 54011
mtRaw-1740-of-2318, 54012
mtRaw-1741-of-2318, 54013
mtRaw-1742-of-2318, 54014
mtRaw-1743-of-2318, 54015
mtRaw-1744-of-2318, 54017
mtRaw-1745-of-2318, 54019
mtRaw-1746-of-2318, 54020
mtRaw-1747-of-2318, 54021
mtRaw-1748-of-2318, 54022
mtRaw-1749-of-2318, 54023
mtRaw-1750-of-2318, 54024
mtRaw-1751-of-2318, 54025
mtRaw-1752-of-2318, 54026
mtRaw-1753-of-2318, 54027
mtRaw-1754-of-2318, 54028
mtRaw-1755-of-2318, 54029
mtRaw-1756-of-2318, 54030
mtRaw-1757-of-2318, 54031
mtRaw-1758-of-2318, 54032
mtRaw-1759-of-2318, 54033
mtRaw-1760-of-2318, 54034
mtRaw-1761-of-2318, 54035
mtRaw-1762-of-2318, 54036
mtRaw-1763-of-2318, 54037
mtRaw-1764-of-2318, 54038
mtRaw-1765-of-2318, 54039
mtRaw-1766-of-2318, 54040
mtRaw-1767-of-2318, 54041
mtRaw-1768-of-2318, 54042
mtRaw-1769-of-2318, 54043
mtRaw-1770-of-2318, 54044
mtRaw-1771-of-2318, 54045
mtRaw-1772-of-2318, 54046
mtRaw-1773-of-2318, 54047
mtRaw-1774-of-2318, 54048
mtRaw-1775-of-2318, 54049
mtRaw-1776-of-2318, 54050
mtRaw-1777-of-2318, 54051
mtRaw-1778-of-2318, 54052
mtRaw-1779-of-2318, 54053
mtRaw-1780-of-2318, 54054
mtRaw-1781-of-2318, 54055
mtRaw-1782-of-2318, 54056
mtRaw-1783-of-2318, 54057
mtRaw-1784-of-2318, 54058
mtRaw-1785-of-2318, 54059
mtRaw-1786-of-2318, 54060
mtRaw-1787-of-2318, 54061
mtRaw-1788-of-2318, 54062
mtRaw-1789-of-2318, 54063
mtRaw-1790-of-2318, 54064
mtRaw-1791-of-2318, 54065
mtRaw-1792-of-2318, 54066
mtRaw-1793-of-2318, 54067
mtRaw-1794-of-2318, 54068
mtRaw-1795-of-2318, 54069
mtRaw-1796-of-2318, 54070
mtRaw-1797-of-2318, 54071
mtRaw-1798-of-2318, 54072
mtRaw-1799-of-2318, 54073
mtRaw-1800-of-2318, 54076
mtRaw-1801-of-2318, 54077
mtRaw-1802-of-2318, 54078
mtRaw-1803-of-2318, 54079
mtRaw-1804-of-2318, 54080
mtRaw-1805-of-2318, 54081
mtRaw-1806-of-2318, 54082
mtRaw-1807-of-2318, 54083
mtRaw-1808-of-2318, 54084
mtRaw-1809-of-2318, 54085
mtRaw-1810-of-2318, 54086
mtRaw-1811-of-2318, 54087
mtRaw-1812-of-2318, 54088
mtRaw-1813-of-2318, 54089
mtRaw-1814-of-2318, 54090
mtRaw-1815-of-2318, 54091
mtRaw-1816-of-2318, 54092
mtRaw-1817-of-2318, 54093
mtRaw-1818-of-2318, 54094
mtRaw-1819-of-2318, 54095
mtRaw-1820-of-2318, 54096
mtRaw-1821-of-2318, 54097
mtRaw-1822-of-2318, 54098
mtRaw-1823-of-2318, 54101
mtRaw-1824-of-2318, 54102
mtRaw-1825-of-2318, 54105
mtRaw-1826-of-2318, 54106
mtRaw-1827-of-2318, 54107
mtRaw-1828-of-2318, 54108
mtRaw-1829-of-2318, 54109
mtRaw-1830-of-2318, 54110
mtRaw-1831-of-2318, 54111
mtRaw-1832-of-2318, 54112
mtRaw-1833-of-2318, 54113
mtRaw-1834-of-2318, 54114
mtRaw-1835-of-2318, 54115
mtRaw-1836-of-2318, 54116
mtRaw-1837-of-2318, 54117
mtRaw-1838-of-2318, 54118
mtRaw-1839-of-2318, 54119
mtRaw-1840-of-2318, 54120
mtRaw-1841-of-2318, 54121
mtRaw-1842-of-2318, 54122
mtRaw-1843-of-2318, 54123
mtRaw-1844-of-2318, 54124
mtRaw-1845-of-2318, 54125
mtRaw-1846-of-2318, 54126
mtRaw-1847-of-2318, 54127
mtRaw-1848-of-2318, 54128
mtRaw-1849-of-2318, 54129
mtRaw-1850-of-2318, 54130
mtRaw-1851-of-2318, 54134
mtRaw-1852-of-2318, 54135
mtRaw-1853-of-2318, 54136
mtRaw-1854-of-2318, 54137
mtRaw-1855-of-2318, 54138
mtRaw-1856-of-2318, 54139
mtRaw-1857-of-2318, 54140
mtRaw-1858-of-2318, 54141
mtRaw-1859-of-2318, 54142
mtRaw-1860-of-2318, 54143
mtRaw-1861-of-2318, 54144
mtRaw-1862-of-2318, 54145
mtRaw-1863-of-2318, 54146
mtRaw-1864-of-2318, 54147
mtRaw-1865-of-2318, 54148
mtRaw-1866-of-2318, 54149
mtRaw-1867-of-2318, 54150
mtRaw-1868-of-2318, 54151
mtRaw-1869-of-2318, 54152
mtRaw-1870-of-2318, 54153
mtRaw-1871-of-2318, 54154
mtRaw-1872-of-2318, 54155
mtRaw-1873-of-2318, 54156
mtRaw-1874-of-2318, 54157
mtRaw-1875-of-2318, 54159
mtRaw-1876-of-2318, 54160
mtRaw-1877-of-2318, 54163
mtRaw-1878-of-2318, 54164
mtRaw-1879-of-2318, 54165
mtRaw-1880-of-2318, 54166
mtRaw-1881-of-2318, 54167
mtRaw-1882-of-2318, 54168
mtRaw-1883-of-2318, 54169
mtRaw-1884-of-2318, 54170
mtRaw-1885-of-2318, 54171
mtRaw-1886-of-2318, 54172
mtRaw-1887-of-2318, 54173
mtRaw-1888-of-2318, 54174
mtRaw-1889-of-2318, 54175
mtRaw-1890-of-2318, 54176
mtRaw-1891-of-2318, 54177
mtRaw-1892-of-2318, 54178
mtRaw-1893-of-2318, 54179
mtRaw-1894-of-2318, 54180
mtRaw-1895-of-2318, 54181
mtRaw-1896-of-2318, 54182
mtRaw-1897-of-2318, 54183
mtRaw-1898-of-2318, 54184
mtRaw-1899-of-2318, 54185
mtRaw-1900-of-2318, 54186
mtRaw-1901-of-2318, 54187
mtRaw-1902-of-2318, 54188
mtRaw-1903-of-2318, 54189
mtRaw-1904-of-2318, 54190
mtRaw-1905-of-2318, 54191
mtRaw-1906-of-2318, 54194
mtRaw-1907-of-2318, 54195
mtRaw-1908-of-2318, 54196
mtRaw-1909-of-2318, 54197
mtRaw-1910-of-2318, 54198
mtRaw-1911-of-2318, 54199
mtRaw-1912-of-2318, 54200
mtRaw-1913-of-2318, 54201
mtRaw-1914-of-2318, 54202
mtRaw-1915-of-2318, 54203
mtRaw-1916-of-2318, 54204
mtRaw-1917-of-2318, 54205
mtRaw-1918-of-2318, 54206
mtRaw-1919-of-2318, 54207
mtRaw-1920-of-2318, 54208
mtRaw-1921-of-2318, 54209
mtRaw-1922-of-2318, 54210
mtRaw-1923-of-2318, 54211
mtRaw-1924-of-2318, 54212
mtRaw-1925-of-2318, 54213
mtRaw-1926-of-2318, 54214
mtRaw-1927-of-2318, 54215
mtRaw-1928-of-2318, 54216
mtRaw-1929-of-2318, 54217
mtRaw-1930-of-2318, 54218
mtRaw-1931-of-2318, 54220
mtRaw-1932-of-2318, 54221
mtRaw-1933-of-2318, 54223
mtRaw-1934-of-2318, 54224
mtRaw-1935-of-2318, 54225
mtRaw-1936-of-2318, 54226
mtRaw-1937-of-2318, 54227
mtRaw-1938-of-2318, 54228
mtRaw-1939-of-2318, 54229
mtRaw-1940-of-2318, 54230
mtRaw-1941-of-2318, 54231
mtRaw-1942-of-2318, 54232
mtRaw-1943-of-2318, 54233
mtRaw-1944-of-2318, 54234
mtRaw-1945-of-2318, 54235
mtRaw-1946-of-2318, 54236
mtRaw-1947-of-2318, 54237
mtRaw-1948-of-2318, 54238
mtRaw-1949-of-2318, 54239
mtRaw-1950-of-2318, 54240
mtRaw-1951-of-2318, 54241
mtRaw-1952-of-2318, 54242
mtRaw-1953-of-2318, 54243
mtRaw-1954-of-2318, 54244
mtRaw-1955-of-2318, 54245
mtRaw-1956-of-2318, 54246
mtRaw-1957-of-2318, 54247
mtRaw-1958-of-2318, 54248
mtRaw-1959-of-2318, 54249
mtRaw-1960-of-2318, 54250
mtRaw-1961-of-2318, 54251
mtRaw-1962-of-2318, 54252
mtRaw-1963-of-2318, 54253
mtRaw-1964-of-2318, 54254
mtRaw-1965-of-2318, 54255
mtRaw-1966-of-2318, 54256
mtRaw-1967-of-2318, 54257
mtRaw-1968-of-2318, 54258
mtRaw-1969-of-2318, 54259
mtRaw-1970-of-2318, 54260
mtRaw-1971-of-2318, 54261
mtRaw-1972-of-2318, 54262
mtRaw-1973-of-2318, 54263
mtRaw-1974-of-2318, 54264
mtRaw-1975-of-2318, 54265
mtRaw-1976-of-2318, 54266
mtRaw-1977-of-2318, 54267
mtRaw-1978-of-2318, 54268
mtRaw-1979-of-2318, 54269
mtRaw-1980-of-2318, 54270
mtRaw-1981-of-2318, 54271
mtRaw-1982-of-2318, 54272
mtRaw-1983-of-2318, 54273
mtRaw-1984-of-2318, 54274
mtRaw-1985-of-2318, 54275
mtRaw-1986-of-2318, 54276
mtRaw-1987-of-2318, 54277
mtRaw-1988-of-2318, 54278
mtRaw-1989-of-2318, 54280
mtRaw-1990-of-2318, 54284
mtRaw-1991-of-2318, 54285
mtRaw-1992-of-2318, 54288
mtRaw-1993-of-2318, 54289
mtRaw-1994-of-2318, 54306
mtRaw-1995-of-2318, 54318
mtRaw-1996-of-2318, 54319
mtRaw-1997-of-2318, 54320
mtRaw-1998-of-2318, 54321
mtRaw-1999-of-2318, 54322
mtRaw-2000-of-2318, 54323
mtRaw-2001-of-2318, 54324
mtRaw-2002-of-2318, 54325
mtRaw-2003-of-2318, 54326
mtRaw-2004-of-2318, 54327
mtRaw-2005-of-2318, 54328
mtRaw-2006-of-2318, 54329
mtRaw-2007-of-2318, 54330
mtRaw-2008-of-2318, 54331
mtRaw-2009-of-2318, 54332
mtRaw-2010-of-2318, 54333
mtRaw-2011-of-2318, 54334
mtRaw-2012-of-2318, 54335
mtRaw-2013-of-2318, 54336
mtRaw-2014-of-2318, 54337
mtRaw-2015-of-2318, 54338
mtRaw-2016-of-2318, 54339
mtRaw-2017-of-2318, 54342
mtRaw-2018-of-2318, 54343
mtRaw-2019-of-2318, 54344
mtRaw-2020-of-2318, 54345
mtRaw-2021-of-2318, 54346
mtRaw-2022-of-2318, 54347
mtRaw-2023-of-2318, 54348
mtRaw-2024-of-2318, 54349
mtRaw-2025-of-2318, 54350
mtRaw-2026-of-2318, 54351
mtRaw-2027-of-2318, 54352
mtRaw-2028-of-2318, 54353
mtRaw-2029-of-2318, 54354
mtRaw-2030-of-2318, 54355
mtRaw-2031-of-2318, 54356
mtRaw-2032-of-2318, 54357
mtRaw-2033-of-2318, 54358
mtRaw-2034-of-2318, 54359
mtRaw-2035-of-2318, 54360
mtRaw-2036-of-2318, 54361
mtRaw-2037-of-2318, 54362
mtRaw-2038-of-2318, 54363
mtRaw-2039-of-2318, 54364
mtRaw-2040-of-2318, 54365
mtRaw-2041-of-2318, 54366
mtRaw-2042-of-2318, 54367
mtRaw-2043-of-2318, 54368
mtRaw-2044-of-2318, 54369
mtRaw-2045-of-2318, 54370
mtRaw-2046-of-2318, 54371
mtRaw-2047-of-2318, 54372
mtRaw-2048-of-2318, 54373
mtRaw-2049-of-2318, 54374
mtRaw-2050-of-2318, 54375
mtRaw-2051-of-2318, 54376
mtRaw-2052-of-2318, 54377
mtRaw-2053-of-2318, 54378
mtRaw-2054-of-2318, 54379
mtRaw-2055-of-2318, 54380
mtRaw-2056-of-2318, 54381
mtRaw-2057-of-2318, 54382
mtRaw-2058-of-2318, 54383
mtRaw-2059-of-2318, 54384
mtRaw-2060-of-2318, 54385
mtRaw-2061-of-2318, 54386
mtRaw-2062-of-2318, 54387
mtRaw-2063-of-2318, 54388
mtRaw-2064-of-2318, 54389
mtRaw-2065-of-2318, 54390
mtRaw-2066-of-2318, 54391
mtRaw-2067-of-2318, 54392
mtRaw-2068-of-2318, 54393
mtRaw-2069-of-2318, 54394
mtRaw-2070-of-2318, 54395
mtRaw-2071-of-2318, 54396
mtRaw-2072-of-2318, 54397
mtRaw-2073-of-2318, 54400
mtRaw-2074-of-2318, 54401
mtRaw-2075-of-2318, 54402
mtRaw-2076-of-2318, 54403
mtRaw-2077-of-2318, 54404
mtRaw-2078-of-2318, 54405
mtRaw-2079-of-2318, 54406
mtRaw-2080-of-2318, 54407
mtRaw-2081-of-2318, 54408
mtRaw-2082-of-2318, 54409
mtRaw-2083-of-2318, 54410
mtRaw-2084-of-2318, 54411
mtRaw-2085-of-2318, 54412
mtRaw-2086-of-2318, 54413
mtRaw-2087-of-2318, 54414
mtRaw-2088-of-2318, 54415
mtRaw-2089-of-2318, 54416
mtRaw-2090-of-2318, 54417
mtRaw-2091-of-2318, 54418
mtRaw-2092-of-2318, 54419
mtRaw-2093-of-2318, 54420
mtRaw-2094-of-2318, 54421
mtRaw-2095-of-2318, 54422
mtRaw-2096-of-2318, 54423
mtRaw-2097-of-2318, 54424
mtRaw-2098-of-2318, 54425
mtRaw-2099-of-2318, 54426
mtRaw-2100-of-2318, 54427
mtRaw-2101-of-2318, 54430
mtRaw-2102-of-2318, 54431
mtRaw-2103-of-2318, 54432
mtRaw-2104-of-2318, 54433
mtRaw-2105-of-2318, 54434
mtRaw-2106-of-2318, 54435
mtRaw-2107-of-2318, 54436
mtRaw-2108-of-2318, 54437
mtRaw-2109-of-2318, 54438
mtRaw-2110-of-2318, 54439
mtRaw-2111-of-2318, 54440
mtRaw-2112-of-2318, 54441
mtRaw-2113-of-2318, 54442
mtRaw-2114-of-2318, 54443
mtRaw-2115-of-2318, 54444
mtRaw-2116-of-2318, 54445
mtRaw-2117-of-2318, 54446
mtRaw-2118-of-2318, 54447
mtRaw-2119-of-2318, 54448
mtRaw-2120-of-2318, 54449
mtRaw-2121-of-2318, 54450
mtRaw-2122-of-2318, 54451
mtRaw-2123-of-2318, 54452
mtRaw-2124-of-2318, 54453
mtRaw-2125-of-2318, 54454
mtRaw-2126-of-2318, 54455
mtRaw-2127-of-2318, 54456
mtRaw-2128-of-2318, 54459
mtRaw-2129-of-2318, 54460
mtRaw-2130-of-2318, 54461
mtRaw-2131-of-2318, 54462
mtRaw-2132-of-2318, 54463
mtRaw-2133-of-2318, 54464
mtRaw-2134-of-2318, 54465
mtRaw-2135-of-2318, 54466
mtRaw-2136-of-2318, 54467
mtRaw-2137-of-2318, 54468
mtRaw-2138-of-2318, 54469
mtRaw-2139-of-2318, 54470
mtRaw-2140-of-2318, 54471
mtRaw-2141-of-2318, 54472
mtRaw-2142-of-2318, 54473
mtRaw-2143-of-2318, 54474
mtRaw-2144-of-2318, 54475
mtRaw-2145-of-2318, 54476
mtRaw-2146-of-2318, 54477
mtRaw-2147-of-2318, 54478
mtRaw-2148-of-2318, 54479
mtRaw-2149-of-2318, 54480
mtRaw-2150-of-2318, 54481
mtRaw-2151-of-2318, 54482
mtRaw-2152-of-2318, 54483
mtRaw-2153-of-2318, 54484
mtRaw-2154-of-2318, 54485
mtRaw-2155-of-2318, 54488
mtRaw-2156-of-2318, 54489
mtRaw-2157-of-2318, 54490
mtRaw-2158-of-2318, 54491
mtRaw-2159-of-2318, 54492
mtRaw-2160-of-2318, 54493
mtRaw-2161-of-2318, 54494
mtRaw-2162-of-2318, 54495
mtRaw-2163-of-2318, 54496
mtRaw-2164-of-2318, 54497
mtRaw-2165-of-2318, 54498
mtRaw-2166-of-2318, 54499
mtRaw-2167-of-2318, 54500
mtRaw-2168-of-2318, 54501
mtRaw-2169-of-2318, 54502
mtRaw-2170-of-2318, 54503
mtRaw-2171-of-2318, 54504
mtRaw-2172-of-2318, 54505
mtRaw-2173-of-2318, 54506
mtRaw-2174-of-2318, 54507
mtRaw-2175-of-2318, 54508
mtRaw-2176-of-2318, 54509
mtRaw-2177-of-2318, 54510
mtRaw-2178-of-2318, 54511
mtRaw-2179-of-2318, 54512
mtRaw-2180-of-2318, 54513
mtRaw-2181-of-2318, 54514
mtRaw-2182-of-2318, 54515
mtRaw-2183-of-2318, 54517
mtRaw-2184-of-2318, 54518
mtRaw-2185-of-2318, 54519
mtRaw-2186-of-2318, 54520
mtRaw-2187-of-2318, 54521
mtRaw-2188-of-2318, 54522
mtRaw-2189-of-2318, 54523
mtRaw-2190-of-2318, 54524
mtRaw-2191-of-2318, 54525
mtRaw-2192-of-2318, 54526
mtRaw-2193-of-2318, 54527
mtRaw-2194-of-2318, 54528
mtRaw-2195-of-2318, 54529
mtRaw-2196-of-2318, 54530
mtRaw-2197-of-2318, 54531
mtRaw-2198-of-2318, 54532
mtRaw-2199-of-2318, 54533
mtRaw-2200-of-2318, 54534
mtRaw-2201-of-2318, 54535
mtRaw-2202-of-2318, 54536
mtRaw-2203-of-2318, 54537
mtRaw-2204-of-2318, 54538
mtRaw-2205-of-2318, 54539
mtRaw-2206-of-2318, 54540
mtRaw-2207-of-2318, 54541
mtRaw-2208-of-2318, 54542
mtRaw-2209-of-2318, 54543
mtRaw-2210-of-2318, 54544
mtRaw-2211-of-2318, 54545
mtRaw-2212-of-2318, 54548
mtRaw-2213-of-2318, 54549
mtRaw-2214-of-2318, 54550
mtRaw-2215-of-2318, 54551
mtRaw-2216-of-2318, 54552
mtRaw-2217-of-2318, 54553
mtRaw-2218-of-2318, 54554
mtRaw-2219-of-2318, 54555
mtRaw-2220-of-2318, 54556
mtRaw-2221-of-2318, 54557
mtRaw-2222-of-2318, 54558
mtRaw-2223-of-2318, 54559
mtRaw-2224-of-2318, 54560
mtRaw-2225-of-2318, 54561
mtRaw-2226-of-2318, 54562
mtRaw-2227-of-2318, 54563
mtRaw-2228-of-2318, 54564
mtRaw-2229-of-2318, 54565
mtRaw-2230-of-2318, 54566
mtRaw-2231-of-2318, 54567
mtRaw-2232-of-2318, 54568
mtRaw-2233-of-2318, 54569
mtRaw-2234-of-2318, 54570
mtRaw-2235-of-2318, 54571
mtRaw-2236-of-2318, 54572
mtRaw-2237-of-2318, 54573
mtRaw-2238-of-2318, 54574
mtRaw-2239-of-2318, 54576
mtRaw-2240-of-2318, 54577
mtRaw-2241-of-2318, 54578
mtRaw-2242-of-2318, 54579
mtRaw-2243-of-2318, 54580
mtRaw-2244-of-2318, 54581
mtRaw-2245-of-2318, 54582
mtRaw-2246-of-2318, 54583
mtRaw-2247-of-2318, 54584
mtRaw-2248-of-2318, 54585
mtRaw-2249-of-2318, 54586
mtRaw-2250-of-2318, 54587
mtRaw-2251-of-2318, 54588
mtRaw-2252-of-2318, 54589
mtRaw-2253-of-2318, 54590
mtRaw-2254-of-2318, 54591
mtRaw-2255-of-2318, 54592
mtRaw-2256-of-2318, 54593
mtRaw-2257-of-2318, 54594
mtRaw-2258-of-2318, 54595
mtRaw-2259-of-2318, 54596
mtRaw-2260-of-2318, 54597
mtRaw-2261-of-2318, 54598
mtRaw-2262-of-2318, 54599
mtRaw-2263-of-2318, 54600
mtRaw-2264-of-2318, 54601
mtRaw-2265-of-2318, 54602
mtRaw-2266-of-2318, 54603
mtRaw-2267-of-2318, 54607
mtRaw-2268-of-2318, 54608
mtRaw-2269-of-2318, 54609
mtRaw-2270-of-2318, 54610
mtRaw-2271-of-2318, 54611
mtRaw-2272-of-2318, 54612
mtRaw-2273-of-2318, 54613
mtRaw-2274-of-2318, 54614
mtRaw-2275-of-2318, 54615
mtRaw-2276-of-2318, 54616
mtRaw-2277-of-2318, 54617
mtRaw-2278-of-2318, 54618
mtRaw-2279-of-2318, 54619
mtRaw-2280-of-2318, 54620
mtRaw-2281-of-2318, 54621
mtRaw-2282-of-2318, 54622
mtRaw-2283-of-2318, 54623
mtRaw-2284-of-2318, 54624
mtRaw-2285-of-2318, 54625
mtRaw-2286-of-2318, 54626
mtRaw-2287-of-2318, 54627
mtRaw-2288-of-2318, 54628
mtRaw-2289-of-2318, 54629
mtRaw-2290-of-2318, 54630
mtRaw-2291-of-2318, 54631
mtRaw-2292-of-2318, 54632
mtRaw-2293-of-2318, 54633
mtRaw-2294-of-2318, 54638
mtRaw-2295-of-2318, 54639
mtRaw-2296-of-2318, 54640
mtRaw-2297-of-2318, 54641
mtRaw-2298-of-2318, 54642
mtRaw-2299-of-2318, 54643
mtRaw-2300-of-2318, 54644
mtRaw-2301-of-2318, 54645
mtRaw-2302-of-2318, 54646
mtRaw-2303-of-2318, 54647
mtRaw-2304-of-2318, 54648
mtRaw-2305-of-2318, 54649
mtRaw-2306-of-2318, 54650
mtRaw-2307-of-2318, 54651
mtRaw-2308-of-2318, 54652
mtRaw-2309-of-2318, 54653
mtRaw-2310-of-2318, 54654
mtRaw-2311-of-2318, 54655
mtRaw-2312-of-2318, 54656
mtRaw-2313-of-2318, 54657
mtRaw-2314-of-2318, 54658
mtRaw-2315-of-2318, 54659
mtRaw-2316-of-2318, 54660
mtRaw-2317-of-2318, 54661
mtRaw-2318-of-2318, missed